device,device_display,model,backend,frequency_note,context_tokens,mode,budget,prefill_latency_s,prefill_tps
jetson,Jetson AGX Xavier,Llama3.2 1B,CUDA,"cpu=max,gpu=max,ddr=max",512,normal-full-recompute,full,0.41655600000000004,1229.12645598671
jetson,Jetson AGX Xavier,Llama3.2 1B,CUDA,"cpu=max,gpu=max,ddr=max",512,full-reuse,0,0.3972311057150364,1288.9222234456531
jetson,Jetson AGX Xavier,Llama3.2 1B,CUDA,"cpu=max,gpu=max,ddr=max",512,cacheblend,0.05,0.1327118040062487,3857.9838759172662
jetson,Jetson AGX Xavier,Llama3.2 1B,CUDA,"cpu=max,gpu=max,ddr=max",512,cacheblend,0.10,0.14507285598665476,3529.2611875449593
jetson,Jetson AGX Xavier,Llama3.2 1B,CUDA,"cpu=max,gpu=max,ddr=max",512,cacheblend,0.20,0.1810500780120492,2827.9468621158258
jetson,Jetson AGX Xavier,Llama3.2 1B,CUDA,"cpu=max,gpu=max,ddr=max",512,cacheblend,0.30,0.2319653518497944,2207.2261909681138
jetson,Jetson AGX Xavier,Llama3.2 1B,CUDA,"cpu=max,gpu=max,ddr=max",512,cacheblend,0.40,0.2714657220058143,1886.0576437309232
jetson,Jetson AGX Xavier,Llama3.2 1B,CUDA,"cpu=max,gpu=max,ddr=max",512,cacheblend,0.50,0.28978412691503763,1766.8324536979014
jetson,Jetson AGX Xavier,Llama3.2 1B,CUDA,"cpu=max,gpu=max,ddr=max",512,epic,0.05,0.11127195274457335,4601.3392177569185
jetson,Jetson AGX Xavier,Llama3.2 1B,CUDA,"cpu=max,gpu=max,ddr=max",512,epic,0.10,0.12012767186388373,4262.132047145186
jetson,Jetson AGX Xavier,Llama3.2 1B,CUDA,"cpu=max,gpu=max,ddr=max",512,epic,0.20,0.14743173588067293,3472.793675945037
jetson,Jetson AGX Xavier,Llama3.2 1B,CUDA,"cpu=max,gpu=max,ddr=max",512,epic,0.30,0.18033808981999755,2839.111806668503
jetson,Jetson AGX Xavier,Llama3.2 1B,CUDA,"cpu=max,gpu=max,ddr=max",512,epic,0.40,0.223503980319947,2290.78694378091
jetson,Jetson AGX Xavier,Llama3.2 1B,CUDA,"cpu=max,gpu=max,ddr=max",512,epic,0.50,0.2622775509953499,1952.130474213089
jetson,Jetson AGX Xavier,Llama3.2 1B,CUDA,"cpu=max,gpu=max,ddr=max",1024,normal-full-recompute,full,1.546081,662.3197620305792
jetson,Jetson AGX Xavier,Llama3.2 1B,CUDA,"cpu=max,gpu=max,ddr=max",1024,full-reuse,0,0.4205226260237396,2435.0651704105753
jetson,Jetson AGX Xavier,Llama3.2 1B,CUDA,"cpu=max,gpu=max,ddr=max",1024,cacheblend,0.05,0.25916346814483404,3951.174165595498
jetson,Jetson AGX Xavier,Llama3.2 1B,CUDA,"cpu=max,gpu=max,ddr=max",1024,cacheblend,0.10,0.2959675849415362,3459.8383475078035
jetson,Jetson AGX Xavier,Llama3.2 1B,CUDA,"cpu=max,gpu=max,ddr=max",1024,cacheblend,0.20,0.4262618077918887,2402.279494155248
jetson,Jetson AGX Xavier,Llama3.2 1B,CUDA,"cpu=max,gpu=max,ddr=max",1024,cacheblend,0.30,0.48414718406274915,2115.0592912821357
jetson,Jetson AGX Xavier,Llama3.2 1B,CUDA,"cpu=max,gpu=max,ddr=max",1024,cacheblend,0.40,0.4512453502975404,2269.2754602896157
jetson,Jetson AGX Xavier,Llama3.2 1B,CUDA,"cpu=max,gpu=max,ddr=max",1024,cacheblend,0.50,0.5093229957856238,2010.512010007508
jetson,Jetson AGX Xavier,Llama3.2 1B,CUDA,"cpu=max,gpu=max,ddr=max",1024,epic,0.05,0.21063064876943827,4861.590684843291
jetson,Jetson AGX Xavier,Llama3.2 1B,CUDA,"cpu=max,gpu=max,ddr=max",1024,epic,0.10,0.22298948699608445,4592.144740967007
jetson,Jetson AGX Xavier,Llama3.2 1B,CUDA,"cpu=max,gpu=max,ddr=max",1024,epic,0.20,0.2976750610396266,3439.9925758768377
jetson,Jetson AGX Xavier,Llama3.2 1B,CUDA,"cpu=max,gpu=max,ddr=max",1024,epic,0.30,0.35583953466266394,2877.701604940419
jetson,Jetson AGX Xavier,Llama3.2 1B,CUDA,"cpu=max,gpu=max,ddr=max",1024,epic,0.40,0.38279918394982815,2675.031825914789
jetson,Jetson AGX Xavier,Llama3.2 1B,CUDA,"cpu=max,gpu=max,ddr=max",1024,epic,0.50,0.43185911094769835,2371.1436763551683
jetson,Jetson AGX Xavier,Llama3.2 1B,CUDA,"cpu=max,gpu=max,ddr=max",1536,normal-full-recompute,full,3.028995,507.09888923553854
jetson,Jetson AGX Xavier,Llama3.2 1B,CUDA,"cpu=max,gpu=max,ddr=max",1536,full-reuse,0,0.45431561628356576,3380.909537217602
jetson,Jetson AGX Xavier,Llama3.2 1B,CUDA,"cpu=max,gpu=max,ddr=max",1536,cacheblend,0.05,0.40059757605195045,3834.2718274481217
jetson,Jetson AGX Xavier,Llama3.2 1B,CUDA,"cpu=max,gpu=max,ddr=max",1536,cacheblend,0.10,0.5096975499764085,3013.551860453507
jetson,Jetson AGX Xavier,Llama3.2 1B,CUDA,"cpu=max,gpu=max,ddr=max",1536,cacheblend,0.20,0.6764137870632112,2270.799367749227
jetson,Jetson AGX Xavier,Llama3.2 1B,CUDA,"cpu=max,gpu=max,ddr=max",1536,cacheblend,0.30,0.6743503720499575,2277.747686756239
jetson,Jetson AGX Xavier,Llama3.2 1B,CUDA,"cpu=max,gpu=max,ddr=max",1536,cacheblend,0.40,0.8159729149192572,1882.4154232521205
jetson,Jetson AGX Xavier,Llama3.2 1B,CUDA,"cpu=max,gpu=max,ddr=max",1536,cacheblend,0.50,1.0426642536185682,1473.149189366864
jetson,Jetson AGX Xavier,Llama3.2 1B,CUDA,"cpu=max,gpu=max,ddr=max",1536,epic,0.05,0.32096715411171317,4785.536402473733
jetson,Jetson AGX Xavier,Llama3.2 1B,CUDA,"cpu=max,gpu=max,ddr=max",1536,epic,0.10,0.3513339553028345,4371.908768897772
jetson,Jetson AGX Xavier,Llama3.2 1B,CUDA,"cpu=max,gpu=max,ddr=max",1536,epic,0.20,0.4422169290482998,3473.408409093798
jetson,Jetson AGX Xavier,Llama3.2 1B,CUDA,"cpu=max,gpu=max,ddr=max",1536,epic,0.30,0.47675362788140774,3221.7898515542693
jetson,Jetson AGX Xavier,Llama3.2 1B,CUDA,"cpu=max,gpu=max,ddr=max",1536,epic,0.40,0.5721157537773252,2684.7713768739027
jetson,Jetson AGX Xavier,Llama3.2 1B,CUDA,"cpu=max,gpu=max,ddr=max",1536,epic,0.50,0.7960733822546899,1929.4703657213643
jetson,Jetson AGX Xavier,Llama3.2 1B,CUDA,"cpu=max,gpu=max,ddr=max",2048,normal-full-recompute,full,5.030644,407.1049352727007
jetson,Jetson AGX Xavier,Llama3.2 1B,CUDA,"cpu=max,gpu=max,ddr=max",2048,full-reuse,0,0.4912087139673531,4169.307143309585
jetson,Jetson AGX Xavier,Llama3.2 1B,CUDA,"cpu=max,gpu=max,ddr=max",2048,cacheblend,0.05,0.6042299619875848,3389.4380100966932
jetson,Jetson AGX Xavier,Llama3.2 1B,CUDA,"cpu=max,gpu=max,ddr=max",2048,cacheblend,0.10,0.8007025131955743,2557.753930141305
jetson,Jetson AGX Xavier,Llama3.2 1B,CUDA,"cpu=max,gpu=max,ddr=max",2048,cacheblend,0.20,0.6875808890908957,2978.5586430533585
jetson,Jetson AGX Xavier,Llama3.2 1B,CUDA,"cpu=max,gpu=max,ddr=max",2048,cacheblend,0.30,0.8492556000128388,2411.5236920063157
jetson,Jetson AGX Xavier,Llama3.2 1B,CUDA,"cpu=max,gpu=max,ddr=max",2048,cacheblend,0.40,1.1160957608371973,1834.967994559687
jetson,Jetson AGX Xavier,Llama3.2 1B,CUDA,"cpu=max,gpu=max,ddr=max",2048,cacheblend,0.50,1.3547808891162276,1511.6835618606815
jetson,Jetson AGX Xavier,Llama3.2 1B,CUDA,"cpu=max,gpu=max,ddr=max",2048,epic,0.05,0.44236995931714773,4629.609124365812
jetson,Jetson AGX Xavier,Llama3.2 1B,CUDA,"cpu=max,gpu=max,ddr=max",2048,epic,0.10,0.5138855949044228,3985.322842880829
jetson,Jetson AGX Xavier,Llama3.2 1B,CUDA,"cpu=max,gpu=max,ddr=max",2048,epic,0.20,0.6038091629743576,3391.800134187387
jetson,Jetson AGX Xavier,Llama3.2 1B,CUDA,"cpu=max,gpu=max,ddr=max",2048,epic,0.30,0.6941143036819994,2950.5226864454125
jetson,Jetson AGX Xavier,Llama3.2 1B,CUDA,"cpu=max,gpu=max,ddr=max",2048,epic,0.40,0.9540474535897374,2146.6437463819148
jetson,Jetson AGX Xavier,Llama3.2 1B,CUDA,"cpu=max,gpu=max,ddr=max",2048,epic,0.50,1.1648462140001357,1758.1720019221023
jetson,Jetson AGX Xavier,Llama3.2 1B,CUDA,"cpu=max,gpu=max,ddr=max",2560,normal-full-recompute,full,7.548529133776922,339.1389176130925
jetson,Jetson AGX Xavier,Llama3.2 1B,CUDA,"cpu=max,gpu=max,ddr=max",2560,full-reuse,0,0.7767370529472828,3295.8386500119072
jetson,Jetson AGX Xavier,Llama3.2 1B,CUDA,"cpu=max,gpu=max,ddr=max",2560,cacheblend,0.05,0.8782260501757264,2914.9670514644417
jetson,Jetson AGX Xavier,Llama3.2 1B,CUDA,"cpu=max,gpu=max,ddr=max",2560,cacheblend,0.10,1.0771538182161748,2376.633640160603
jetson,Jetson AGX Xavier,Llama3.2 1B,CUDA,"cpu=max,gpu=max,ddr=max",2560,cacheblend,0.20,1.2125367699190974,2111.2761802438436
jetson,Jetson AGX Xavier,Llama3.2 1B,CUDA,"cpu=max,gpu=max,ddr=max",2560,cacheblend,0.30,1.5858162427321076,1614.3106187319217
jetson,Jetson AGX Xavier,Llama3.2 1B,CUDA,"cpu=max,gpu=max,ddr=max",2560,cacheblend,0.40,1.8040387472137809,1419.0382573288691
jetson,Jetson AGX Xavier,Llama3.2 1B,CUDA,"cpu=max,gpu=max,ddr=max",2560,cacheblend,0.50,2.0436846958473325,1252.6394140944515
jetson,Jetson AGX Xavier,Llama3.2 1B,CUDA,"cpu=max,gpu=max,ddr=max",2560,epic,0.05,0.6226863358169794,4111.219168863275
jetson,Jetson AGX Xavier,Llama3.2 1B,CUDA,"cpu=max,gpu=max,ddr=max",2560,epic,0.10,0.703672731295228,3638.054860087998
jetson,Jetson AGX Xavier,Llama3.2 1B,CUDA,"cpu=max,gpu=max,ddr=max",2560,epic,0.20,0.7932592537254095,3227.192103940027
jetson,Jetson AGX Xavier,Llama3.2 1B,CUDA,"cpu=max,gpu=max,ddr=max",2560,epic,0.30,1.060286046937108,2414.442788712704
jetson,Jetson AGX Xavier,Llama3.2 1B,CUDA,"cpu=max,gpu=max,ddr=max",2560,epic,0.40,1.2813431089743972,1997.9035919965695
jetson,Jetson AGX Xavier,Llama3.2 1B,CUDA,"cpu=max,gpu=max,ddr=max",2560,epic,0.50,1.5354119767434895,1667.304957090146
jetson,Jetson AGX Xavier,Llama3.2 1B,CUDA,"cpu=max,gpu=max,ddr=max",3072,normal-full-recompute,full,10.579523369830547,290.37224954390405
jetson,Jetson AGX Xavier,Llama3.2 1B,CUDA,"cpu=max,gpu=max,ddr=max",3072,full-reuse,0,0.5884491838514805,5220.50176005571
jetson,Jetson AGX Xavier,Llama3.2 1B,CUDA,"cpu=max,gpu=max,ddr=max",3072,cacheblend,0.05,1.189121293835342,2583.4202246027403
jetson,Jetson AGX Xavier,Llama3.2 1B,CUDA,"cpu=max,gpu=max,ddr=max",3072,cacheblend,0.10,1.4000630611553788,2194.1868800287343
jetson,Jetson AGX Xavier,Llama3.2 1B,CUDA,"cpu=max,gpu=max,ddr=max",3072,cacheblend,0.20,1.5761026619002223,1949.111611991223
jetson,Jetson AGX Xavier,Llama3.2 1B,CUDA,"cpu=max,gpu=max,ddr=max",3072,cacheblend,0.30,2.156097979284823,1424.796103662683
jetson,Jetson AGX Xavier,Llama3.2 1B,CUDA,"cpu=max,gpu=max,ddr=max",3072,cacheblend,0.40,2.5730726029723883,1193.903349812693
jetson,Jetson AGX Xavier,Llama3.2 1B,CUDA,"cpu=max,gpu=max,ddr=max",3072,cacheblend,0.50,2.89196824003011,1062.2523295650078
jetson,Jetson AGX Xavier,Llama3.2 1B,CUDA,"cpu=max,gpu=max,ddr=max",3072,epic,0.05,0.7982465540990233,3848.435028281895
jetson,Jetson AGX Xavier,Llama3.2 1B,CUDA,"cpu=max,gpu=max,ddr=max",3072,epic,0.10,0.8996037929318845,3414.836647128947
jetson,Jetson AGX Xavier,Llama3.2 1B,CUDA,"cpu=max,gpu=max,ddr=max",3072,epic,0.20,1.0434557399712503,2944.0635403324736
jetson,Jetson AGX Xavier,Llama3.2 1B,CUDA,"cpu=max,gpu=max,ddr=max",3072,epic,0.30,1.3909562351182103,2208.5525931295215
jetson,Jetson AGX Xavier,Llama3.2 1B,CUDA,"cpu=max,gpu=max,ddr=max",3072,epic,0.40,1.690570475999266,1817.1380865883132
jetson,Jetson AGX Xavier,Llama3.2 1B,CUDA,"cpu=max,gpu=max,ddr=max",3072,epic,0.50,2.04246921883896,1504.0618344036911
jetson,Jetson AGX Xavier,MiniCPM5-1B,CUDA,"cpu=max,gpu=max,ddr=max",512,normal-full-recompute,full,0.45004640375114696,1137.6604628599816
jetson,Jetson AGX Xavier,MiniCPM5-1B,CUDA,"cpu=max,gpu=max,ddr=max",512,full-reuse,0,0.3132105910044629,1634.682908895327
jetson,Jetson AGX Xavier,MiniCPM5-1B,CUDA,"cpu=max,gpu=max,ddr=max",512,cacheblend,0.05,0.127653,4010.873226637839
jetson,Jetson AGX Xavier,MiniCPM5-1B,CUDA,"cpu=max,gpu=max,ddr=max",512,cacheblend,0.10,0.128897,3972.163820725075
jetson,Jetson AGX Xavier,MiniCPM5-1B,CUDA,"cpu=max,gpu=max,ddr=max",512,cacheblend,0.20,0.169279,3024.5925365816192
jetson,Jetson AGX Xavier,MiniCPM5-1B,CUDA,"cpu=max,gpu=max,ddr=max",512,cacheblend,0.30,0.207742,2464.5955078895936
jetson,Jetson AGX Xavier,MiniCPM5-1B,CUDA,"cpu=max,gpu=max,ddr=max",512,cacheblend,0.40,0.259385,1973.8998014534382
jetson,Jetson AGX Xavier,MiniCPM5-1B,CUDA,"cpu=max,gpu=max,ddr=max",512,cacheblend,0.50,0.300547,1703.560508007067
jetson,Jetson AGX Xavier,MiniCPM5-1B,CUDA,"cpu=max,gpu=max,ddr=max",512,epic,0.05,0.113568,4508.312200619893
jetson,Jetson AGX Xavier,MiniCPM5-1B,CUDA,"cpu=max,gpu=max,ddr=max",512,epic,0.10,0.115133,4447.030825219529
jetson,Jetson AGX Xavier,MiniCPM5-1B,CUDA,"cpu=max,gpu=max,ddr=max",512,epic,0.20,0.146945,3484.2968457586176
jetson,Jetson AGX Xavier,MiniCPM5-1B,CUDA,"cpu=max,gpu=max,ddr=max",512,epic,0.30,0.183102,2796.255638933491
jetson,Jetson AGX Xavier,MiniCPM5-1B,CUDA,"cpu=max,gpu=max,ddr=max",512,epic,0.40,0.232526,2201.9043031746987
jetson,Jetson AGX Xavier,MiniCPM5-1B,CUDA,"cpu=max,gpu=max,ddr=max",512,epic,0.50,0.279597,1831.2070587309593
jetson,Jetson AGX Xavier,MiniCPM5-1B,CUDA,"cpu=max,gpu=max,ddr=max",1024,normal-full-recompute,full,1.6692124031131643,613.4629709737293
jetson,Jetson AGX Xavier,MiniCPM5-1B,CUDA,"cpu=max,gpu=max,ddr=max",1024,full-reuse,0,0.3305788279976696,3097.5970427459397
jetson,Jetson AGX Xavier,MiniCPM5-1B,CUDA,"cpu=max,gpu=max,ddr=max",1024,cacheblend,0.05,0.208365,4914.453003143522
jetson,Jetson AGX Xavier,MiniCPM5-1B,CUDA,"cpu=max,gpu=max,ddr=max",1024,cacheblend,0.10,0.242442,4223.690614662476
jetson,Jetson AGX Xavier,MiniCPM5-1B,CUDA,"cpu=max,gpu=max,ddr=max",1024,cacheblend,0.20,0.340225,3009.772944375046
jetson,Jetson AGX Xavier,MiniCPM5-1B,CUDA,"cpu=max,gpu=max,ddr=max",1024,cacheblend,0.30,0.451946,2265.7574134963024
jetson,Jetson AGX Xavier,MiniCPM5-1B,CUDA,"cpu=max,gpu=max,ddr=max",1024,cacheblend,0.40,0.53951,1898.0185724082962
jetson,Jetson AGX Xavier,MiniCPM5-1B,CUDA,"cpu=max,gpu=max,ddr=max",1024,cacheblend,0.50,0.67354,1520.3254446654987
jetson,Jetson AGX Xavier,MiniCPM5-1B,CUDA,"cpu=max,gpu=max,ddr=max",1024,epic,0.05,0.201057,5093.083056048782
jetson,Jetson AGX Xavier,MiniCPM5-1B,CUDA,"cpu=max,gpu=max,ddr=max",1024,epic,0.10,0.218097,4695.158576229843
jetson,Jetson AGX Xavier,MiniCPM5-1B,CUDA,"cpu=max,gpu=max,ddr=max",1024,epic,0.20,0.301568,3395.585738539898
jetson,Jetson AGX Xavier,MiniCPM5-1B,CUDA,"cpu=max,gpu=max,ddr=max",1024,epic,0.30,0.407287,2514.19760512857
jetson,Jetson AGX Xavier,MiniCPM5-1B,CUDA,"cpu=max,gpu=max,ddr=max",1024,epic,0.40,0.50319,2035.016594129454
jetson,Jetson AGX Xavier,MiniCPM5-1B,CUDA,"cpu=max,gpu=max,ddr=max",1024,epic,0.50,0.654636,1564.2280595628715
jetson,Jetson AGX Xavier,MiniCPM5-1B,CUDA,"cpu=max,gpu=max,ddr=max",1536,normal-full-recompute,full,3.836718220235194,400.3421444658091
jetson,Jetson AGX Xavier,MiniCPM5-1B,CUDA,"cpu=max,gpu=max,ddr=max",1536,full-reuse,0,0.3550835189962527,4325.742868443888
jetson,Jetson AGX Xavier,MiniCPM5-1B,CUDA,"cpu=max,gpu=max,ddr=max",1536,cacheblend,0.05,0.430028,3571.8604369948002
jetson,Jetson AGX Xavier,MiniCPM5-1B,CUDA,"cpu=max,gpu=max,ddr=max",1536,cacheblend,0.10,0.486387,3157.979140067477
jetson,Jetson AGX Xavier,MiniCPM5-1B,CUDA,"cpu=max,gpu=max,ddr=max",1536,cacheblend,0.20,0.866872,1771.887891176552
jetson,Jetson AGX Xavier,MiniCPM5-1B,CUDA,"cpu=max,gpu=max,ddr=max",1536,cacheblend,0.30,1.23483,1243.8959208959936
jetson,Jetson AGX Xavier,MiniCPM5-1B,CUDA,"cpu=max,gpu=max,ddr=max",1536,cacheblend,0.40,1.605336,956.8090418454453
jetson,Jetson AGX Xavier,MiniCPM5-1B,CUDA,"cpu=max,gpu=max,ddr=max",1536,cacheblend,0.50,2.051844,748.5949224210028
jetson,Jetson AGX Xavier,MiniCPM5-1B,CUDA,"cpu=max,gpu=max,ddr=max",1536,epic,0.05,0.303255,5065.0442696740365
jetson,Jetson AGX Xavier,MiniCPM5-1B,CUDA,"cpu=max,gpu=max,ddr=max",1536,epic,0.10,0.359818,4268.824794757349
jetson,Jetson AGX Xavier,MiniCPM5-1B,CUDA,"cpu=max,gpu=max,ddr=max",1536,epic,0.20,0.510258,3010.241877638371
jetson,Jetson AGX Xavier,MiniCPM5-1B,CUDA,"cpu=max,gpu=max,ddr=max",1536,epic,0.30,0.666415,2304.870088458393
jetson,Jetson AGX Xavier,MiniCPM5-1B,CUDA,"cpu=max,gpu=max,ddr=max",1536,epic,0.40,0.926037,1658.681024624286
jetson,Jetson AGX Xavier,MiniCPM5-1B,CUDA,"cpu=max,gpu=max,ddr=max",1536,epic,0.50,1.322021,1161.85748940448
jetson,Jetson AGX Xavier,MiniCPM5-1B,CUDA,"cpu=max,gpu=max,ddr=max",2048,normal-full-recompute,full,6.579209132943871,311.2836145829615
jetson,Jetson AGX Xavier,MiniCPM5-1B,CUDA,"cpu=max,gpu=max,ddr=max",2048,full-reuse,0,0.38578341199900024,5308.67822799314
jetson,Jetson AGX Xavier,MiniCPM5-1B,CUDA,"cpu=max,gpu=max,ddr=max",2048,cacheblend,0.05,0.555017,3689.9770637656143
jetson,Jetson AGX Xavier,MiniCPM5-1B,CUDA,"cpu=max,gpu=max,ddr=max",2048,cacheblend,0.10,0.912805,2243.6336347850856
jetson,Jetson AGX Xavier,MiniCPM5-1B,CUDA,"cpu=max,gpu=max,ddr=max",2048,cacheblend,0.20,1.60223,1278.2184829893336
jetson,Jetson AGX Xavier,MiniCPM5-1B,CUDA,"cpu=max,gpu=max,ddr=max",2048,cacheblend,0.30,2.284661,896.413078351668
jetson,Jetson AGX Xavier,MiniCPM5-1B,CUDA,"cpu=max,gpu=max,ddr=max",2048,cacheblend,0.40,2.983146,686.5235560042988
jetson,Jetson AGX Xavier,MiniCPM5-1B,CUDA,"cpu=max,gpu=max,ddr=max",2048,cacheblend,0.50,3.689542,555.0824465475661
jetson,Jetson AGX Xavier,MiniCPM5-1B,CUDA,"cpu=max,gpu=max,ddr=max",2048,epic,0.05,0.435663,4700.881185687102
jetson,Jetson AGX Xavier,MiniCPM5-1B,CUDA,"cpu=max,gpu=max,ddr=max",2048,epic,0.10,0.543082,3771.06956223922
jetson,Jetson AGX Xavier,MiniCPM5-1B,CUDA,"cpu=max,gpu=max,ddr=max",2048,epic,0.20,0.751,2727.030625832224
jetson,Jetson AGX Xavier,MiniCPM5-1B,CUDA,"cpu=max,gpu=max,ddr=max",2048,epic,0.30,1.076837,1901.8662991706265
jetson,Jetson AGX Xavier,MiniCPM5-1B,CUDA,"cpu=max,gpu=max,ddr=max",2048,epic,0.40,1.57224,1302.6001119421971
jetson,Jetson AGX Xavier,MiniCPM5-1B,CUDA,"cpu=max,gpu=max,ddr=max",2048,epic,0.50,2.152964,951.2467463459677
jetson,Jetson AGX Xavier,MiniCPM5-1B,CUDA,"cpu=max,gpu=max,ddr=max",2560,normal-full-recompute,full,10.053044245615244,254.64923235731058
jetson,Jetson AGX Xavier,MiniCPM5-1B,CUDA,"cpu=max,gpu=max,ddr=max",2560,full-reuse,0,0.42089601200132165,6082.262428259742
jetson,Jetson AGX Xavier,MiniCPM5-1B,CUDA,"cpu=max,gpu=max,ddr=max",2560,cacheblend,0.05,1.167305,2193.085783064409
jetson,Jetson AGX Xavier,MiniCPM5-1B,CUDA,"cpu=max,gpu=max,ddr=max",2560,cacheblend,0.10,1.886318,1357.1412667429352
jetson,Jetson AGX Xavier,MiniCPM5-1B,CUDA,"cpu=max,gpu=max,ddr=max",2560,cacheblend,0.20,3.056614,837.5280620974712
jetson,Jetson AGX Xavier,MiniCPM5-1B,CUDA,"cpu=max,gpu=max,ddr=max",2560,cacheblend,0.30,4.300432,595.2890314275403
jetson,Jetson AGX Xavier,MiniCPM5-1B,CUDA,"cpu=max,gpu=max,ddr=max",2560,cacheblend,0.40,5.3039,482.66370029600864
jetson,Jetson AGX Xavier,MiniCPM5-1B,CUDA,"cpu=max,gpu=max,ddr=max",2560,cacheblend,0.50,6.223105,411.37020828027164
jetson,Jetson AGX Xavier,MiniCPM5-1B,CUDA,"cpu=max,gpu=max,ddr=max",2560,epic,0.05,0.643327,3979.313785990639
jetson,Jetson AGX Xavier,MiniCPM5-1B,CUDA,"cpu=max,gpu=max,ddr=max",2560,epic,0.10,0.759193,3372.0015858944957
jetson,Jetson AGX Xavier,MiniCPM5-1B,CUDA,"cpu=max,gpu=max,ddr=max",2560,epic,0.20,1.050572,2436.767779838031
jetson,Jetson AGX Xavier,MiniCPM5-1B,CUDA,"cpu=max,gpu=max,ddr=max",2560,epic,0.30,1.635625,1565.150936186473
jetson,Jetson AGX Xavier,MiniCPM5-1B,CUDA,"cpu=max,gpu=max,ddr=max",2560,epic,0.40,2.324546,1101.290316474701
jetson,Jetson AGX Xavier,MiniCPM5-1B,CUDA,"cpu=max,gpu=max,ddr=max",2560,epic,0.50,3.174938,806.3149579613838
jetson,Jetson AGX Xavier,MiniCPM5-1B,CUDA,"cpu=max,gpu=max,ddr=max",3072,normal-full-recompute,full,14.171284891141076,216.77639138568202
jetson,Jetson AGX Xavier,MiniCPM5-1B,CUDA,"cpu=max,gpu=max,ddr=max",3072,full-reuse,0,0.44869857499725185,6846.467029717701
jetson,Jetson AGX Xavier,MiniCPM5-1B,CUDA,"cpu=max,gpu=max,ddr=max",3072,cacheblend,0.05,1.556105,1974.1598413988772
jetson,Jetson AGX Xavier,MiniCPM5-1B,CUDA,"cpu=max,gpu=max,ddr=max",3072,cacheblend,0.10,2.553866,1202.882218565892
jetson,Jetson AGX Xavier,MiniCPM5-1B,CUDA,"cpu=max,gpu=max,ddr=max",3072,cacheblend,0.20,4.429644,693.5094558388892
jetson,Jetson AGX Xavier,MiniCPM5-1B,CUDA,"cpu=max,gpu=max,ddr=max",3072,cacheblend,0.30,6.282745,488.95824993693043
jetson,Jetson AGX Xavier,MiniCPM5-1B,CUDA,"cpu=max,gpu=max,ddr=max",3072,cacheblend,0.40,7.976254,385.1432013072803
jetson,Jetson AGX Xavier,MiniCPM5-1B,CUDA,"cpu=max,gpu=max,ddr=max",3072,cacheblend,0.50,9.288044,330.7477871551858
jetson,Jetson AGX Xavier,MiniCPM5-1B,CUDA,"cpu=max,gpu=max,ddr=max",3072,epic,0.05,0.782421,3926.274984950557
jetson,Jetson AGX Xavier,MiniCPM5-1B,CUDA,"cpu=max,gpu=max,ddr=max",3072,epic,0.10,0.958321,3205.606472152859
jetson,Jetson AGX Xavier,MiniCPM5-1B,CUDA,"cpu=max,gpu=max,ddr=max",3072,epic,0.20,1.415365,2170.4648624206475
jetson,Jetson AGX Xavier,MiniCPM5-1B,CUDA,"cpu=max,gpu=max,ddr=max",3072,epic,0.30,2.208434,1391.0309296089447
jetson,Jetson AGX Xavier,MiniCPM5-1B,CUDA,"cpu=max,gpu=max,ddr=max",3072,epic,0.40,3.194247,961.7290084329735
jetson,Jetson AGX Xavier,MiniCPM5-1B,CUDA,"cpu=max,gpu=max,ddr=max",3072,epic,0.50,4.395712,698.8628918364079
jetson,Jetson AGX Xavier,Llama3.2 3B,CUDA,"cpu=max,gpu=max,ddr=max",512,normal-full-recompute,full,1.164370079717512,439.72273843056524
jetson,Jetson AGX Xavier,Llama3.2 3B,CUDA,"cpu=max,gpu=max,ddr=max",512,full-reuse,0,1.0467988370000967,489.1102109621017
jetson,Jetson AGX Xavier,Llama3.2 3B,CUDA,"cpu=max,gpu=max,ddr=max",512,cacheblend,0.05,0.25913014099933207,1975.8411662397841
jetson,Jetson AGX Xavier,Llama3.2 3B,CUDA,"cpu=max,gpu=max,ddr=max",512,cacheblend,0.10,0.28987318000145024,1766.289658109931
jetson,Jetson AGX Xavier,Llama3.2 3B,CUDA,"cpu=max,gpu=max,ddr=max",512,cacheblend,0.20,0.41674869400594616,1228.5581391472695
jetson,Jetson AGX Xavier,Llama3.2 3B,CUDA,"cpu=max,gpu=max,ddr=max",512,cacheblend,0.30,0.5453808029997163,938.7935863966711
jetson,Jetson AGX Xavier,Llama3.2 3B,CUDA,"cpu=max,gpu=max,ddr=max",512,cacheblend,0.40,0.6928495000029216,738.9772237662595
jetson,Jetson AGX Xavier,Llama3.2 3B,CUDA,"cpu=max,gpu=max,ddr=max",512,cacheblend,0.50,0.8346404019976035,613.437833556337
jetson,Jetson AGX Xavier,Llama3.2 3B,CUDA,"cpu=max,gpu=max,ddr=max",512,epic,0.05,0.2562902240024414,1997.7351925648275
jetson,Jetson AGX Xavier,Llama3.2 3B,CUDA,"cpu=max,gpu=max,ddr=max",512,epic,0.10,0.2881927310008905,1776.588875860363
jetson,Jetson AGX Xavier,Llama3.2 3B,CUDA,"cpu=max,gpu=max,ddr=max",512,epic,0.20,0.4233313160002581,1209.4545823765325
jetson,Jetson AGX Xavier,Llama3.2 3B,CUDA,"cpu=max,gpu=max,ddr=max",512,epic,0.30,0.541813968004135,944.9737921782271
jetson,Jetson AGX Xavier,Llama3.2 3B,CUDA,"cpu=max,gpu=max,ddr=max",512,epic,0.40,0.6892252440011362,742.8630980312091
jetson,Jetson AGX Xavier,Llama3.2 3B,CUDA,"cpu=max,gpu=max,ddr=max",512,epic,0.50,0.8431405629962683,607.2534313620326
jetson,Jetson AGX Xavier,Llama3.2 3B,CUDA,"cpu=max,gpu=max,ddr=max",1024,normal-full-recompute,full,3.7487658637138837,273.1565633137537
jetson,Jetson AGX Xavier,Llama3.2 3B,CUDA,"cpu=max,gpu=max,ddr=max",1024,full-reuse,0,1.119425,914.7553431449182
jetson,Jetson AGX Xavier,Llama3.2 3B,CUDA,"cpu=max,gpu=max,ddr=max",1024,cacheblend,0.05,0.497303,2059.1068221989412
jetson,Jetson AGX Xavier,Llama3.2 3B,CUDA,"cpu=max,gpu=max,ddr=max",1024,cacheblend,0.10,0.606274,1689.0053012334358
jetson,Jetson AGX Xavier,Llama3.2 3B,CUDA,"cpu=max,gpu=max,ddr=max",1024,cacheblend,0.20,0.946662,1081.6954731466985
jetson,Jetson AGX Xavier,Llama3.2 3B,CUDA,"cpu=max,gpu=max,ddr=max",1024,cacheblend,0.30,1.244079,823.0988546547286
jetson,Jetson AGX Xavier,Llama3.2 3B,CUDA,"cpu=max,gpu=max,ddr=max",1024,cacheblend,0.40,1.543154,663.576026760777
jetson,Jetson AGX Xavier,Llama3.2 3B,CUDA,"cpu=max,gpu=max,ddr=max",1024,cacheblend,0.50,1.835215,557.9727715826211
jetson,Jetson AGX Xavier,Llama3.2 3B,CUDA,"cpu=max,gpu=max,ddr=max",1024,epic,0.05,0.491177,2084.788172084605
jetson,Jetson AGX Xavier,Llama3.2 3B,CUDA,"cpu=max,gpu=max,ddr=max",1024,epic,0.10,0.601602,1702.122000924199
jetson,Jetson AGX Xavier,Llama3.2 3B,CUDA,"cpu=max,gpu=max,ddr=max",1024,epic,0.20,0.94464,1084.010840108401
jetson,Jetson AGX Xavier,Llama3.2 3B,CUDA,"cpu=max,gpu=max,ddr=max",1024,epic,0.30,1.236912,827.8681102616839
jetson,Jetson AGX Xavier,Llama3.2 3B,CUDA,"cpu=max,gpu=max,ddr=max",1024,epic,0.40,1.543351,663.4913250453073
jetson,Jetson AGX Xavier,Llama3.2 3B,CUDA,"cpu=max,gpu=max,ddr=max",1024,epic,0.50,1.846746,554.4888143794544
jetson,Jetson AGX Xavier,Llama3.2 3B,CUDA,"cpu=max,gpu=max,ddr=max",1536,normal-full-recompute,full,7.885569669639346,194.7861808784514
jetson,Jetson AGX Xavier,Llama3.2 3B,CUDA,"cpu=max,gpu=max,ddr=max",1536,full-reuse,0,1.831451,838.6792767046456
jetson,Jetson AGX Xavier,Llama3.2 3B,CUDA,"cpu=max,gpu=max,ddr=max",1536,cacheblend,0.05,2.9777958289996604,515.8177686466815
jetson,Jetson AGX Xavier,Llama3.2 3B,CUDA,"cpu=max,gpu=max,ddr=max",1536,cacheblend,0.10,3.309829641999386,464.07222308642463
jetson,Jetson AGX Xavier,Llama3.2 3B,CUDA,"cpu=max,gpu=max,ddr=max",1536,cacheblend,0.20,2.526682,607.911878107336
jetson,Jetson AGX Xavier,Llama3.2 3B,CUDA,"cpu=max,gpu=max,ddr=max",1536,cacheblend,0.30,2.251244,682.2894364182648
jetson,Jetson AGX Xavier,Llama3.2 3B,CUDA,"cpu=max,gpu=max,ddr=max",1536,cacheblend,0.40,2.785058,551.5145465552243
jetson,Jetson AGX Xavier,Llama3.2 3B,CUDA,"cpu=max,gpu=max,ddr=max",1536,cacheblend,0.50,3.715375,413.417218988662
jetson,Jetson AGX Xavier,Llama3.2 3B,CUDA,"cpu=max,gpu=max,ddr=max",1536,epic,0.05,0.75921,2023.155648634765
jetson,Jetson AGX Xavier,Llama3.2 3B,CUDA,"cpu=max,gpu=max,ddr=max",1536,epic,0.10,1.063903,1443.7406417690333
jetson,Jetson AGX Xavier,Llama3.2 3B,CUDA,"cpu=max,gpu=max,ddr=max",1536,epic,0.20,1.67887,914.9010941883529
jetson,Jetson AGX Xavier,Llama3.2 3B,CUDA,"cpu=max,gpu=max,ddr=max",1536,epic,0.30,2.258722,680.0305659572094
jetson,Jetson AGX Xavier,Llama3.2 3B,CUDA,"cpu=max,gpu=max,ddr=max",1536,epic,0.40,2.816435,545.3702996873708
jetson,Jetson AGX Xavier,Llama3.2 3B,CUDA,"cpu=max,gpu=max,ddr=max",1536,epic,0.50,3.732099,411.56464498932104
jetson,Jetson AGX Xavier,Llama3.2 3B,CUDA,"cpu=max,gpu=max,ddr=max",2048,normal-full-recompute,full,13.093571185706013,156.41263723649055
jetson,Jetson AGX Xavier,Llama3.2 3B,CUDA,"cpu=max,gpu=max,ddr=max",2048,full-reuse,0,1.940067,1055.633645642135
jetson,Jetson AGX Xavier,Llama3.2 3B,CUDA,"cpu=max,gpu=max,ddr=max",2048,cacheblend,0.05,3.392205593001563,603.7369917157189
jetson,Jetson AGX Xavier,Llama3.2 3B,CUDA,"cpu=max,gpu=max,ddr=max",2048,cacheblend,0.10,3.96601626499978,516.387191367233
jetson,Jetson AGX Xavier,Llama3.2 3B,CUDA,"cpu=max,gpu=max,ddr=max",2048,cacheblend,0.20,3.639081,562.7794489872581
jetson,Jetson AGX Xavier,Llama3.2 3B,CUDA,"cpu=max,gpu=max,ddr=max",2048,cacheblend,0.30,3.649238,561.2130532456365
jetson,Jetson AGX Xavier,Llama3.2 3B,CUDA,"cpu=max,gpu=max,ddr=max",2048,cacheblend,0.40,4.762329,430.04168758605294
jetson,Jetson AGX Xavier,Llama3.2 3B,CUDA,"cpu=max,gpu=max,ddr=max",2048,cacheblend,0.50,5.909875,346.5386323737811
jetson,Jetson AGX Xavier,Llama3.2 3B,CUDA,"cpu=max,gpu=max,ddr=max",2048,epic,0.05,1.129758,1812.7776036991993
jetson,Jetson AGX Xavier,Llama3.2 3B,CUDA,"cpu=max,gpu=max,ddr=max",2048,epic,0.10,1.663666,1231.016321785743
jetson,Jetson AGX Xavier,Llama3.2 3B,CUDA,"cpu=max,gpu=max,ddr=max",2048,epic,0.20,2.637339,776.5402930757101
jetson,Jetson AGX Xavier,Llama3.2 3B,CUDA,"cpu=max,gpu=max,ddr=max",2048,epic,0.30,3.601912,568.5869060654452
jetson,Jetson AGX Xavier,Llama3.2 3B,CUDA,"cpu=max,gpu=max,ddr=max",2048,epic,0.40,4.759143,430.32957824549504
jetson,Jetson AGX Xavier,Llama3.2 3B,CUDA,"cpu=max,gpu=max,ddr=max",2048,epic,0.50,5.866029,349.1288570172428
jetson,Jetson AGX Xavier,Llama3.2 3B,CUDA,"cpu=max,gpu=max,ddr=max",2560,normal-full-recompute,full,19.56601292139491,130.83912446979468
jetson,Jetson AGX Xavier,Llama3.2 3B,CUDA,"cpu=max,gpu=max,ddr=max",2560,full-reuse,0,2.04152,1253.9676319605
jetson,Jetson AGX Xavier,Llama3.2 3B,CUDA,"cpu=max,gpu=max,ddr=max",2560,cacheblend,0.05,2.375266,1077.7740261511765
jetson,Jetson AGX Xavier,Llama3.2 3B,CUDA,"cpu=max,gpu=max,ddr=max",2560,cacheblend,0.10,3.701422,691.6260831647945
jetson,Jetson AGX Xavier,Llama3.2 3B,CUDA,"cpu=max,gpu=max,ddr=max",2560,cacheblend,0.20,5.484654,466.75688202026964
jetson,Jetson AGX Xavier,Llama3.2 3B,CUDA,"cpu=max,gpu=max,ddr=max",2560,cacheblend,0.30,7.354668,348.07825451808293
jetson,Jetson AGX Xavier,Llama3.2 3B,CUDA,"cpu=max,gpu=max,ddr=max",2560,cacheblend,0.40,9.048079,282.9329850015678
jetson,Jetson AGX Xavier,Llama3.2 3B,CUDA,"cpu=max,gpu=max,ddr=max",2560,cacheblend,0.50,10.678324,239.73799633725292
jetson,Jetson AGX Xavier,Llama3.2 3B,CUDA,"cpu=max,gpu=max,ddr=max",2560,epic,0.05,1.149619,2226.8247132310794
jetson,Jetson AGX Xavier,Llama3.2 3B,CUDA,"cpu=max,gpu=max,ddr=max",2560,epic,0.10,1.474534,1736.1417234190599
jetson,Jetson AGX Xavier,Llama3.2 3B,CUDA,"cpu=max,gpu=max,ddr=max",2560,epic,0.20,2.061157,1242.0208649802028
jetson,Jetson AGX Xavier,Llama3.2 3B,CUDA,"cpu=max,gpu=max,ddr=max",2560,epic,0.30,3.411563,750.3891911126952
jetson,Jetson AGX Xavier,Llama3.2 3B,CUDA,"cpu=max,gpu=max,ddr=max",2560,epic,0.40,4.829271,530.1007129233377
jetson,Jetson AGX Xavier,Llama3.2 3B,CUDA,"cpu=max,gpu=max,ddr=max",2560,epic,0.50,6.467203,395.8434581379307
jetson,Jetson AGX Xavier,Qwen3-4B,CUDA,"cpu=max,gpu=max,ddr=max",512,normal-full-recompute,full,1.7016567559097209,300.88324112478267
jetson,Jetson AGX Xavier,Qwen3-4B,CUDA,"cpu=max,gpu=max,ddr=max",512,cacheblend,0.05,0.302362,1693.3344798618873
jetson,Jetson AGX Xavier,Qwen3-4B,CUDA,"cpu=max,gpu=max,ddr=max",512,cacheblend,0.10,0.391561,1307.5868127826827
jetson,Jetson AGX Xavier,Qwen3-4B,CUDA,"cpu=max,gpu=max,ddr=max",512,cacheblend,0.20,0.634136,807.3977821792171
jetson,Jetson AGX Xavier,Qwen3-4B,CUDA,"cpu=max,gpu=max,ddr=max",512,cacheblend,0.30,0.840247,609.344633185242
jetson,Jetson AGX Xavier,Qwen3-4B,CUDA,"cpu=max,gpu=max,ddr=max",512,cacheblend,0.40,1.076873,475.4506798851861
jetson,Jetson AGX Xavier,Qwen3-4B,CUDA,"cpu=max,gpu=max,ddr=max",512,cacheblend,0.50,1.301597,393.3629226250522
jetson,Jetson AGX Xavier,Qwen3-4B,CUDA,"cpu=max,gpu=max,ddr=max",512,epic,0.05,0.296493,1726.8535850762075
jetson,Jetson AGX Xavier,Qwen3-4B,CUDA,"cpu=max,gpu=max,ddr=max",512,epic,0.10,0.309229,1655.730866121871
jetson,Jetson AGX Xavier,Qwen3-4B,CUDA,"cpu=max,gpu=max,ddr=max",512,epic,0.20,0.464604,1102.0137579530094
jetson,Jetson AGX Xavier,Qwen3-4B,CUDA,"cpu=max,gpu=max,ddr=max",512,epic,0.30,0.600424,852.7307369458916
jetson,Jetson AGX Xavier,Qwen3-4B,CUDA,"cpu=max,gpu=max,ddr=max",512,epic,0.40,0.806269,635.0237947880918
jetson,Jetson AGX Xavier,Qwen3-4B,CUDA,"cpu=max,gpu=max,ddr=max",512,epic,0.50,1.011671,506.09338411400546
jetson,Jetson AGX Xavier,Qwen3-4B,CUDA,"cpu=max,gpu=max,ddr=max",1024,normal-full-recompute,full,5.823444276550116,175.8409544886434
jetson,Jetson AGX Xavier,Qwen3-4B,CUDA,"cpu=max,gpu=max,ddr=max",1024,cacheblend,0.05,0.775139,1321.0533852638043
jetson,Jetson AGX Xavier,Qwen3-4B,CUDA,"cpu=max,gpu=max,ddr=max",1024,cacheblend,0.10,1.104753,926.9040228901845
jetson,Jetson AGX Xavier,Qwen3-4B,CUDA,"cpu=max,gpu=max,ddr=max",1024,cacheblend,0.20,1.919621,533.4386318966087
jetson,Jetson AGX Xavier,Qwen3-4B,CUDA,"cpu=max,gpu=max,ddr=max",1024,cacheblend,0.30,2.584898,396.1471593850125
jetson,Jetson AGX Xavier,Qwen3-4B,CUDA,"cpu=max,gpu=max,ddr=max",1024,cacheblend,0.40,3.135856,326.5456066860213
jetson,Jetson AGX Xavier,Qwen3-4B,CUDA,"cpu=max,gpu=max,ddr=max",1024,cacheblend,0.50,3.715716,275.58618581183276
jetson,Jetson AGX Xavier,Qwen3-4B,CUDA,"cpu=max,gpu=max,ddr=max",1024,epic,0.05,0.577792,1772.2640673460346
jetson,Jetson AGX Xavier,Qwen3-4B,CUDA,"cpu=max,gpu=max,ddr=max",1024,epic,0.10,0.628282,1629.8413769613007
jetson,Jetson AGX Xavier,Qwen3-4B,CUDA,"cpu=max,gpu=max,ddr=max",1024,epic,0.20,0.982244,1042.5108221582418
jetson,Jetson AGX Xavier,Qwen3-4B,CUDA,"cpu=max,gpu=max,ddr=max",1024,epic,0.30,1.357452,754.3544817790978
jetson,Jetson AGX Xavier,Qwen3-4B,CUDA,"cpu=max,gpu=max,ddr=max",1024,epic,0.40,1.721929,594.6818945496591
jetson,Jetson AGX Xavier,Qwen3-4B,CUDA,"cpu=max,gpu=max,ddr=max",1024,epic,0.50,2.218237,461.62786032331087
jetson,Jetson AGX Xavier,Qwen3-4B,CUDA,"cpu=max,gpu=max,ddr=max",1536,normal-full-recompute,full,12.607065867748426,121.83643808266417
jetson,Jetson AGX Xavier,Qwen3-4B,CUDA,"cpu=max,gpu=max,ddr=max",1536,cacheblend,0.05,1.488172,1032.1387581542992
jetson,Jetson AGX Xavier,Qwen3-4B,CUDA,"cpu=max,gpu=max,ddr=max",1536,cacheblend,0.10,2.284385,672.3910374126954
jetson,Jetson AGX Xavier,Qwen3-4B,CUDA,"cpu=max,gpu=max,ddr=max",1536,cacheblend,0.20,3.817427,402.3652580651837
jetson,Jetson AGX Xavier,Qwen3-4B,CUDA,"cpu=max,gpu=max,ddr=max",1536,cacheblend,0.30,5.166968,297.2729848530125
jetson,Jetson AGX Xavier,Qwen3-4B,CUDA,"cpu=max,gpu=max,ddr=max",1536,cacheblend,0.40,6.420928,239.2177579315638
jetson,Jetson AGX Xavier,Qwen3-4B,CUDA,"cpu=max,gpu=max,ddr=max",1536,cacheblend,0.50,8.026918,191.35613444662073
jetson,Jetson AGX Xavier,Qwen3-4B,CUDA,"cpu=max,gpu=max,ddr=max",1536,epic,0.05,0.796764,1927.797942678133
jetson,Jetson AGX Xavier,Qwen3-4B,CUDA,"cpu=max,gpu=max,ddr=max",1536,epic,0.10,1.008642,1522.839620003926
jetson,Jetson AGX Xavier,Qwen3-4B,CUDA,"cpu=max,gpu=max,ddr=max",1536,epic,0.20,1.582708,970.4885550587979
jetson,Jetson AGX Xavier,Qwen3-4B,CUDA,"cpu=max,gpu=max,ddr=max",1536,epic,0.30,2.166262,709.0555066746311
jetson,Jetson AGX Xavier,Qwen3-4B,CUDA,"cpu=max,gpu=max,ddr=max",1536,epic,0.40,3.008994,510.46961210291545
jetson,Jetson AGX Xavier,Qwen3-4B,CUDA,"cpu=max,gpu=max,ddr=max",1536,epic,0.50,4.482217,342.6875584113843
jetson,Jetson AGX Xavier,Qwen3-4B,CUDA,"cpu=max,gpu=max,ddr=max",2048,normal-full-recompute,full,21.260777424024127,96.32761583242075
jetson,Jetson AGX Xavier,Qwen3-4B,CUDA,"cpu=max,gpu=max,ddr=max",2048,cacheblend,0.05,2.289911,894.3579029927364
jetson,Jetson AGX Xavier,Qwen3-4B,CUDA,"cpu=max,gpu=max,ddr=max",2048,cacheblend,0.10,3.843947,532.7857017799673
jetson,Jetson AGX Xavier,Qwen3-4B,CUDA,"cpu=max,gpu=max,ddr=max",2048,cacheblend,0.20,6.514661,314.3678542904995
jetson,Jetson AGX Xavier,Qwen3-4B,CUDA,"cpu=max,gpu=max,ddr=max",2048,cacheblend,0.30,8.910195,229.84906615399552
jetson,Jetson AGX Xavier,Qwen3-4B,CUDA,"cpu=max,gpu=max,ddr=max",2048,cacheblend,0.40,11.624105,176.1856074080542
jetson,Jetson AGX Xavier,Qwen3-4B,CUDA,"cpu=max,gpu=max,ddr=max",2048,cacheblend,0.50,13.820286,148.18796079907463
jetson,Jetson AGX Xavier,Qwen3-4B,CUDA,"cpu=max,gpu=max,ddr=max",2048,epic,0.05,1.092313,1874.9204669357591
jetson,Jetson AGX Xavier,Qwen3-4B,CUDA,"cpu=max,gpu=max,ddr=max",2048,epic,0.10,1.495165,1369.748489297168
jetson,Jetson AGX Xavier,Qwen3-4B,CUDA,"cpu=max,gpu=max,ddr=max",2048,epic,0.20,2.272488,901.2148799025562
jetson,Jetson AGX Xavier,Qwen3-4B,CUDA,"cpu=max,gpu=max,ddr=max",2048,epic,0.30,3.334035,614.2706960184881
jetson,Jetson AGX Xavier,Qwen3-4B,CUDA,"cpu=max,gpu=max,ddr=max",2048,epic,0.40,5.135603,398.78471914593086
jetson,Jetson AGX Xavier,Qwen3-4B,CUDA,"cpu=max,gpu=max,ddr=max",2048,epic,0.50,7.074113,289.5062603608396
orangepi,Orange Pi 5 Plus,Llama3.2 1B,OpenCL,"cpu=max,gpu=max,ddr=max",512,normal-full-recompute,full,3.9934296639345033,128.21059667683116
orangepi,Orange Pi 5 Plus,Llama3.2 1B,OpenCL,"cpu=max,gpu=max,ddr=max",512,full-reuse,0,0.4033309821970761,1269.428887438719
orangepi,Orange Pi 5 Plus,Llama3.2 1B,OpenCL,"cpu=max,gpu=max,ddr=max",512,cacheblend,0.05,0.9301126105710864,550.470979729684
orangepi,Orange Pi 5 Plus,Llama3.2 1B,OpenCL,"cpu=max,gpu=max,ddr=max",512,cacheblend,0.10,1.0116244871169329,506.11665348193407
orangepi,Orange Pi 5 Plus,Llama3.2 1B,OpenCL,"cpu=max,gpu=max,ddr=max",512,cacheblend,0.20,1.4065624312497675,364.008016014671
orangepi,Orange Pi 5 Plus,Llama3.2 1B,OpenCL,"cpu=max,gpu=max,ddr=max",512,cacheblend,0.30,1.8537478349171579,276.1972207632441
orangepi,Orange Pi 5 Plus,Llama3.2 1B,OpenCL,"cpu=max,gpu=max,ddr=max",512,cacheblend,0.40,2.3089835387654603,221.74259426455245
orangepi,Orange Pi 5 Plus,Llama3.2 1B,OpenCL,"cpu=max,gpu=max,ddr=max",512,cacheblend,0.50,2.7110636751167476,188.8557634036211
orangepi,Orange Pi 5 Plus,Llama3.2 1B,OpenCL,"cpu=max,gpu=max,ddr=max",512,epic,0.05,0.8702672901563346,588.3249959998203
orangepi,Orange Pi 5 Plus,Llama3.2 1B,OpenCL,"cpu=max,gpu=max,ddr=max",512,epic,0.10,0.957866651006043,534.52116686832
orangepi,Orange Pi 5 Plus,Llama3.2 1B,OpenCL,"cpu=max,gpu=max,ddr=max",512,epic,0.20,1.4342550178989768,356.97975158561604
orangepi,Orange Pi 5 Plus,Llama3.2 1B,OpenCL,"cpu=max,gpu=max,ddr=max",512,epic,0.30,1.8649883340112865,274.5325483611853
orangepi,Orange Pi 5 Plus,Llama3.2 1B,OpenCL,"cpu=max,gpu=max,ddr=max",512,epic,0.40,2.2235228517092764,230.26522961363455
orangepi,Orange Pi 5 Plus,Llama3.2 1B,OpenCL,"cpu=max,gpu=max,ddr=max",512,epic,0.50,2.6280974852852523,194.81773521214257
orangepi,Orange Pi 5 Plus,Llama3.2 1B,OpenCL,"cpu=max,gpu=max,ddr=max",1024,normal-full-recompute,full,6.006731939977573,170.4753949788915
orangepi,Orange Pi 5 Plus,Llama3.2 1B,OpenCL,"cpu=max,gpu=max,ddr=max",1024,full-reuse,0,0.4932283032685518,2076.1176785965076
orangepi,Orange Pi 5 Plus,Llama3.2 1B,OpenCL,"cpu=max,gpu=max,ddr=max",1024,cacheblend,0.05,1.6787978829815984,609.9602640559348
orangepi,Orange Pi 5 Plus,Llama3.2 1B,OpenCL,"cpu=max,gpu=max,ddr=max",1024,cacheblend,0.10,1.9715475807897747,519.3889358682379
orangepi,Orange Pi 5 Plus,Llama3.2 1B,OpenCL,"cpu=max,gpu=max,ddr=max",1024,cacheblend,0.20,2.857826031278819,358.3143231226643
orangepi,Orange Pi 5 Plus,Llama3.2 1B,OpenCL,"cpu=max,gpu=max,ddr=max",1024,cacheblend,0.30,3.5716491281054914,286.7022944505078
orangepi,Orange Pi 5 Plus,Llama3.2 1B,OpenCL,"cpu=max,gpu=max,ddr=max",1024,cacheblend,0.40,4.428747241850942,231.21662720404683
orangepi,Orange Pi 5 Plus,Llama3.2 1B,OpenCL,"cpu=max,gpu=max,ddr=max",1024,cacheblend,0.50,4.5370221310295165,225.69870069548008
orangepi,Orange Pi 5 Plus,Llama3.2 1B,OpenCL,"cpu=max,gpu=max,ddr=max",1024,epic,0.05,1.6183142862282693,632.7571898203962
orangepi,Orange Pi 5 Plus,Llama3.2 1B,OpenCL,"cpu=max,gpu=max,ddr=max",1024,epic,0.10,1.9589674840681255,522.7243475596092
orangepi,Orange Pi 5 Plus,Llama3.2 1B,OpenCL,"cpu=max,gpu=max,ddr=max",1024,epic,0.20,2.786589492112398,367.4742917456952
orangepi,Orange Pi 5 Plus,Llama3.2 1B,OpenCL,"cpu=max,gpu=max,ddr=max",1024,epic,0.30,3.445766632910818,297.17624815902695
orangepi,Orange Pi 5 Plus,Llama3.2 1B,OpenCL,"cpu=max,gpu=max,ddr=max",1024,epic,0.40,4.278179157990962,239.35416498098962
orangepi,Orange Pi 5 Plus,Llama3.2 1B,OpenCL,"cpu=max,gpu=max,ddr=max",1024,epic,0.50,4.320406292099506,237.01474601417317
orangepi,Orange Pi 5 Plus,Llama3.2 1B,OpenCL,"cpu=max,gpu=max,ddr=max",1536,normal-full-recompute,full,9.05530437361207,169.62433692190788
orangepi,Orange Pi 5 Plus,Llama3.2 1B,OpenCL,"cpu=max,gpu=max,ddr=max",1536,full-reuse,0,0.5803796728141606,2646.543412783914
orangepi,Orange Pi 5 Plus,Llama3.2 1B,OpenCL,"cpu=max,gpu=max,ddr=max",1536,cacheblend,0.05,2.7273378493264318,563.1865521828711
orangepi,Orange Pi 5 Plus,Llama3.2 1B,OpenCL,"cpu=max,gpu=max,ddr=max",1536,cacheblend,0.10,3.3148784628137946,463.365404563335
orangepi,Orange Pi 5 Plus,Llama3.2 1B,OpenCL,"cpu=max,gpu=max,ddr=max",1536,cacheblend,0.20,4.563978239893913,336.54849328021845
orangepi,Orange Pi 5 Plus,Llama3.2 1B,OpenCL,"cpu=max,gpu=max,ddr=max",1536,cacheblend,0.30,6.027033199090511,254.85175695262222
orangepi,Orange Pi 5 Plus,Llama3.2 1B,OpenCL,"cpu=max,gpu=max,ddr=max",1536,cacheblend,0.40,6.131475158035755,250.51067816640463
orangepi,Orange Pi 5 Plus,Llama3.2 1B,OpenCL,"cpu=max,gpu=max,ddr=max",1536,cacheblend,0.50,7.682647153735161,199.93108745769032
orangepi,Orange Pi 5 Plus,Llama3.2 1B,OpenCL,"cpu=max,gpu=max,ddr=max",1536,epic,0.05,2.6818092218600214,572.7476762626228
orangepi,Orange Pi 5 Plus,Llama3.2 1B,OpenCL,"cpu=max,gpu=max,ddr=max",1536,epic,0.10,3.2170467721298337,477.4565335222332
orangepi,Orange Pi 5 Plus,Llama3.2 1B,OpenCL,"cpu=max,gpu=max,ddr=max",1536,epic,0.20,4.303636739961803,356.9074466107548
orangepi,Orange Pi 5 Plus,Llama3.2 1B,OpenCL,"cpu=max,gpu=max,ddr=max",1536,epic,0.30,5.569931495934725,275.76640774147154
orangepi,Orange Pi 5 Plus,Llama3.2 1B,OpenCL,"cpu=max,gpu=max,ddr=max",1536,epic,0.40,5.515371250919998,278.4943986760249
orangepi,Orange Pi 5 Plus,Llama3.2 1B,OpenCL,"cpu=max,gpu=max,ddr=max",1536,epic,0.50,6.7538556307554245,227.4256489886203
orangepi,Orange Pi 5 Plus,Llama3.2 1B,OpenCL,"cpu=max,gpu=max,ddr=max",2048,normal-full-recompute,full,13.07453229554599,156.64040240259132
orangepi,Orange Pi 5 Plus,Llama3.2 1B,OpenCL,"cpu=max,gpu=max,ddr=max",2048,full-reuse,0,0.7334407931193709,2792.3180974018696
orangepi,Orange Pi 5 Plus,Llama3.2 1B,OpenCL,"cpu=max,gpu=max,ddr=max",2048,cacheblend,0.05,4.202835537027568,487.2900645187836
orangepi,Orange Pi 5 Plus,Llama3.2 1B,OpenCL,"cpu=max,gpu=max,ddr=max",2048,cacheblend,0.10,5.301839442923665,386.28102982889345
orangepi,Orange Pi 5 Plus,Llama3.2 1B,OpenCL,"cpu=max,gpu=max,ddr=max",2048,cacheblend,0.20,7.365574773866683,278.05026259001204
orangepi,Orange Pi 5 Plus,Llama3.2 1B,OpenCL,"cpu=max,gpu=max,ddr=max",2048,cacheblend,0.30,8.34351104311645,245.46021326233367
orangepi,Orange Pi 5 Plus,Llama3.2 1B,OpenCL,"cpu=max,gpu=max,ddr=max",2048,cacheblend,0.40,10.173644164577127,201.30446542751935
orangepi,Orange Pi 5 Plus,Llama3.2 1B,OpenCL,"cpu=max,gpu=max,ddr=max",2048,cacheblend,0.50,12.683047941885889,161.47538110586652
orangepi,Orange Pi 5 Plus,Llama3.2 1B,OpenCL,"cpu=max,gpu=max,ddr=max",2048,epic,0.05,4.001794394571334,511.77042048392855
orangepi,Orange Pi 5 Plus,Llama3.2 1B,OpenCL,"cpu=max,gpu=max,ddr=max",2048,epic,0.10,4.810463037807494,425.73864176980237
orangepi,Orange Pi 5 Plus,Llama3.2 1B,OpenCL,"cpu=max,gpu=max,ddr=max",2048,epic,0.20,6.321986814029515,323.948793353247
orangepi,Orange Pi 5 Plus,Llama3.2 1B,OpenCL,"cpu=max,gpu=max,ddr=max",2048,epic,0.30,6.733312357217073,304.15936337853975
orangepi,Orange Pi 5 Plus,Llama3.2 1B,OpenCL,"cpu=max,gpu=max,ddr=max",2048,epic,0.40,8.122539370786399,252.13789758481886
orangepi,Orange Pi 5 Plus,Llama3.2 1B,OpenCL,"cpu=max,gpu=max,ddr=max",2048,epic,0.50,9.990882568061352,204.98689540671856
orangepi,Orange Pi 5 Plus,Llama3.2 1B,OpenCL,"cpu=max,gpu=max,ddr=max",2560,normal-full-recompute,full,16.794484999999998,152.43099148321608
orangepi,Orange Pi 5 Plus,Llama3.2 1B,OpenCL,"cpu=max,gpu=max,ddr=max",2560,full-reuse,0,0.7541166180744767,3394.7004198589
orangepi,Orange Pi 5 Plus,Llama3.2 1B,OpenCL,"cpu=max,gpu=max,ddr=max",2560,cacheblend,0.05,6.39794984087348,400.128176004971
orangepi,Orange Pi 5 Plus,Llama3.2 1B,OpenCL,"cpu=max,gpu=max,ddr=max",2560,cacheblend,0.10,7.877523650880903,324.97522234842523
orangepi,Orange Pi 5 Plus,Llama3.2 1B,OpenCL,"cpu=max,gpu=max,ddr=max",2560,cacheblend,0.20,9.815862662158906,260.80234495018414
orangepi,Orange Pi 5 Plus,Llama3.2 1B,OpenCL,"cpu=max,gpu=max,ddr=max",2560,cacheblend,0.30,11.917647468857467,214.8074950773338
orangepi,Orange Pi 5 Plus,Llama3.2 1B,OpenCL,"cpu=max,gpu=max,ddr=max",2560,cacheblend,0.40,14.472136296797544,176.89164526224698
orangepi,Orange Pi 5 Plus,Llama3.2 1B,OpenCL,"cpu=max,gpu=max,ddr=max",2560,cacheblend,0.50,17.185838568024337,148.95985376955014
orangepi,Orange Pi 5 Plus,Llama3.2 1B,OpenCL,"cpu=max,gpu=max,ddr=max",2560,epic,0.05,5.666181659325957,451.80337552123854
orangepi,Orange Pi 5 Plus,Llama3.2 1B,OpenCL,"cpu=max,gpu=max,ddr=max",2560,epic,0.10,6.628030665684491,386.238406115706
orangepi,Orange Pi 5 Plus,Llama3.2 1B,OpenCL,"cpu=max,gpu=max,ddr=max",2560,epic,0.20,7.762072559911758,329.80882106429357
orangepi,Orange Pi 5 Plus,Llama3.2 1B,OpenCL,"cpu=max,gpu=max,ddr=max",2560,epic,0.30,9.363832087256014,273.392343662816
orangepi,Orange Pi 5 Plus,Llama3.2 1B,OpenCL,"cpu=max,gpu=max,ddr=max",2560,epic,0.40,11.408100694883615,224.4019463422274
orangepi,Orange Pi 5 Plus,Llama3.2 1B,OpenCL,"cpu=max,gpu=max,ddr=max",2560,epic,0.50,13.512123540975153,189.45948741786356
orangepi,Orange Pi 5 Plus,Llama3.2 1B,OpenCL,"cpu=max,gpu=max,ddr=max",3072,normal-full-recompute,full,21.674302,141.73466808758133
orangepi,Orange Pi 5 Plus,Llama3.2 1B,OpenCL,"cpu=max,gpu=max,ddr=max",3072,full-reuse,0,0.9405548498034477,3266.157205655758
orangepi,Orange Pi 5 Plus,Llama3.2 1B,OpenCL,"cpu=max,gpu=max,ddr=max",3072,cacheblend,0.05,8.729766565840691,351.89944391189584
orangepi,Orange Pi 5 Plus,Llama3.2 1B,OpenCL,"cpu=max,gpu=max,ddr=max",3072,cacheblend,0.10,10.719340038020164,286.58480737657345
orangepi,Orange Pi 5 Plus,Llama3.2 1B,OpenCL,"cpu=max,gpu=max,ddr=max",3072,cacheblend,0.20,13.472601178102195,228.0183284125638
orangepi,Orange Pi 5 Plus,Llama3.2 1B,OpenCL,"cpu=max,gpu=max,ddr=max",3072,cacheblend,0.30,16.694835225120187,184.0090038970651
orangepi,Orange Pi 5 Plus,Llama3.2 1B,OpenCL,"cpu=max,gpu=max,ddr=max",3072,cacheblend,0.40,19.81917000329122,155.00144554438234
orangepi,Orange Pi 5 Plus,Llama3.2 1B,OpenCL,"cpu=max,gpu=max,ddr=max",3072,cacheblend,0.50,23.85387877188623,128.78408703999142
orangepi,Orange Pi 5 Plus,Llama3.2 1B,OpenCL,"cpu=max,gpu=max,ddr=max",3072,epic,0.05,7.784666858613491,394.62189658134537
orangepi,Orange Pi 5 Plus,Llama3.2 1B,OpenCL,"cpu=max,gpu=max,ddr=max",3072,epic,0.10,8.933808587025851,343.862303526552
orangepi,Orange Pi 5 Plus,Llama3.2 1B,OpenCL,"cpu=max,gpu=max,ddr=max",3072,epic,0.20,10.1320520658046,303.1962311334657
orangepi,Orange Pi 5 Plus,Llama3.2 1B,OpenCL,"cpu=max,gpu=max,ddr=max",3072,epic,0.30,12.36069566803053,248.52970111911765
orangepi,Orange Pi 5 Plus,Llama3.2 1B,OpenCL,"cpu=max,gpu=max,ddr=max",3072,epic,0.40,14.749936858657748,208.27207800532602
orangepi,Orange Pi 5 Plus,Llama3.2 1B,OpenCL,"cpu=max,gpu=max,ddr=max",3072,epic,0.50,17.88797528995201,171.7354787338954
orangepi,Orange Pi 5 Plus,MiniCPM5-1B,OpenCL,"cpu=max,gpu=max,ddr=max",512,normal-full-recompute,full,2.087799255171569,245.234305324975
orangepi,Orange Pi 5 Plus,MiniCPM5-1B,OpenCL,"cpu=max,gpu=max,ddr=max",512,full-reuse,0,0.429257,1192.758650412224
orangepi,Orange Pi 5 Plus,MiniCPM5-1B,OpenCL,"cpu=max,gpu=max,ddr=max",512,cacheblend,0.05,0.622859,822.0158976590207
orangepi,Orange Pi 5 Plus,MiniCPM5-1B,OpenCL,"cpu=max,gpu=max,ddr=max",512,cacheblend,0.10,0.788489,649.3432375087034
orangepi,Orange Pi 5 Plus,MiniCPM5-1B,OpenCL,"cpu=max,gpu=max,ddr=max",512,cacheblend,0.20,1.122164,456.2612951404608
orangepi,Orange Pi 5 Plus,MiniCPM5-1B,OpenCL,"cpu=max,gpu=max,ddr=max",512,cacheblend,0.30,1.268948,403.48383070070645
orangepi,Orange Pi 5 Plus,MiniCPM5-1B,OpenCL,"cpu=max,gpu=max,ddr=max",512,cacheblend,0.40,1.494961,342.48385074928376
orangepi,Orange Pi 5 Plus,MiniCPM5-1B,OpenCL,"cpu=max,gpu=max,ddr=max",512,cacheblend,0.50,1.712549,298.9695477326488
orangepi,Orange Pi 5 Plus,MiniCPM5-1B,OpenCL,"cpu=max,gpu=max,ddr=max",512,epic,0.05,0.617986,828.4977329583518
orangepi,Orange Pi 5 Plus,MiniCPM5-1B,OpenCL,"cpu=max,gpu=max,ddr=max",512,epic,0.10,0.731855,699.5921323212931
orangepi,Orange Pi 5 Plus,MiniCPM5-1B,OpenCL,"cpu=max,gpu=max,ddr=max",512,epic,0.20,1.060809,482.65050541614943
orangepi,Orange Pi 5 Plus,MiniCPM5-1B,OpenCL,"cpu=max,gpu=max,ddr=max",512,epic,0.30,1.218384,420.22876203233136
orangepi,Orange Pi 5 Plus,MiniCPM5-1B,OpenCL,"cpu=max,gpu=max,ddr=max",512,epic,0.40,1.440272,355.4884077452037
orangepi,Orange Pi 5 Plus,MiniCPM5-1B,OpenCL,"cpu=max,gpu=max,ddr=max",512,epic,0.50,1.655416,309.2878164763419
orangepi,Orange Pi 5 Plus,MiniCPM5-1B,OpenCL,"cpu=max,gpu=max,ddr=max",1024,normal-full-recompute,full,4.5503844396762965,225.03593126580859
orangepi,Orange Pi 5 Plus,MiniCPM5-1B,OpenCL,"cpu=max,gpu=max,ddr=max",1024,full-reuse,0,0.533418,1919.69524837932
orangepi,Orange Pi 5 Plus,MiniCPM5-1B,OpenCL,"cpu=max,gpu=max,ddr=max",1024,cacheblend,0.05,1.317182,777.41724378256
orangepi,Orange Pi 5 Plus,MiniCPM5-1B,OpenCL,"cpu=max,gpu=max,ddr=max",1024,cacheblend,0.10,1.656581,618.1406161244153
orangepi,Orange Pi 5 Plus,MiniCPM5-1B,OpenCL,"cpu=max,gpu=max,ddr=max",1024,cacheblend,0.20,2.1274,481.3387233242455
orangepi,Orange Pi 5 Plus,MiniCPM5-1B,OpenCL,"cpu=max,gpu=max,ddr=max",1024,cacheblend,0.30,2.58669,395.87271764301096
orangepi,Orange Pi 5 Plus,MiniCPM5-1B,OpenCL,"cpu=max,gpu=max,ddr=max",1024,cacheblend,0.40,3.221288,317.8852682529473
orangepi,Orange Pi 5 Plus,MiniCPM5-1B,OpenCL,"cpu=max,gpu=max,ddr=max",1024,cacheblend,0.50,3.98559,256.9255743817101
orangepi,Orange Pi 5 Plus,MiniCPM5-1B,OpenCL,"cpu=max,gpu=max,ddr=max",1024,epic,0.05,1.290408,793.5474671576742
orangepi,Orange Pi 5 Plus,MiniCPM5-1B,OpenCL,"cpu=max,gpu=max,ddr=max",1024,epic,0.10,1.583476,646.6785729622678
orangepi,Orange Pi 5 Plus,MiniCPM5-1B,OpenCL,"cpu=max,gpu=max,ddr=max",1024,epic,0.20,1.946304,526.1254151458354
orangepi,Orange Pi 5 Plus,MiniCPM5-1B,OpenCL,"cpu=max,gpu=max,ddr=max",1024,epic,0.30,2.290734,447.0182919535834
orangepi,Orange Pi 5 Plus,MiniCPM5-1B,OpenCL,"cpu=max,gpu=max,ddr=max",1024,epic,0.40,2.889557,354.3795813683551
orangepi,Orange Pi 5 Plus,MiniCPM5-1B,OpenCL,"cpu=max,gpu=max,ddr=max",1024,epic,0.50,3.582154,285.8615235414223
orangepi,Orange Pi 5 Plus,MiniCPM5-1B,OpenCL,"cpu=max,gpu=max,ddr=max",1536,normal-full-recompute,full,7.367356320941146,208.48726912176593
orangepi,Orange Pi 5 Plus,MiniCPM5-1B,OpenCL,"cpu=max,gpu=max,ddr=max",1536,full-reuse,0,0.627512,2447.761955149862
orangepi,Orange Pi 5 Plus,MiniCPM5-1B,OpenCL,"cpu=max,gpu=max,ddr=max",1536,cacheblend,0.05,2.405929,638.4228296013723
orangepi,Orange Pi 5 Plus,MiniCPM5-1B,OpenCL,"cpu=max,gpu=max,ddr=max",1536,cacheblend,0.10,2.746062,559.3464386455951
orangepi,Orange Pi 5 Plus,MiniCPM5-1B,OpenCL,"cpu=max,gpu=max,ddr=max",1536,cacheblend,0.20,3.664046,419.20871080767
orangepi,Orange Pi 5 Plus,MiniCPM5-1B,OpenCL,"cpu=max,gpu=max,ddr=max",1536,cacheblend,0.30,4.787379,320.8436181885746
orangepi,Orange Pi 5 Plus,MiniCPM5-1B,OpenCL,"cpu=max,gpu=max,ddr=max",1536,cacheblend,0.40,6.027979,254.8117702467112
orangepi,Orange Pi 5 Plus,MiniCPM5-1B,OpenCL,"cpu=max,gpu=max,ddr=max",1536,cacheblend,0.50,7.185928,213.75109797927283
orangepi,Orange Pi 5 Plus,MiniCPM5-1B,OpenCL,"cpu=max,gpu=max,ddr=max",1536,epic,0.05,2.279019,673.9741967925673
orangepi,Orange Pi 5 Plus,MiniCPM5-1B,OpenCL,"cpu=max,gpu=max,ddr=max",1536,epic,0.10,2.492294,616.299682140229
orangepi,Orange Pi 5 Plus,MiniCPM5-1B,OpenCL,"cpu=max,gpu=max,ddr=max",1536,epic,0.20,3.071995,500.00081380340794
orangepi,Orange Pi 5 Plus,MiniCPM5-1B,OpenCL,"cpu=max,gpu=max,ddr=max",1536,epic,0.30,3.856194,398.32020899363465
orangepi,Orange Pi 5 Plus,MiniCPM5-1B,OpenCL,"cpu=max,gpu=max,ddr=max",1536,epic,0.40,4.745882,323.64900770815626
orangepi,Orange Pi 5 Plus,MiniCPM5-1B,OpenCL,"cpu=max,gpu=max,ddr=max",1536,epic,0.50,5.804678,264.6141611989502
orangepi,Orange Pi 5 Plus,MiniCPM5-1B,OpenCL,"cpu=max,gpu=max,ddr=max",2048,normal-full-recompute,full,11.102710484015056,184.45946176373545
orangepi,Orange Pi 5 Plus,MiniCPM5-1B,OpenCL,"cpu=max,gpu=max,ddr=max",2048,full-reuse,0,0.739107,2770.911383602104
orangepi,Orange Pi 5 Plus,MiniCPM5-1B,OpenCL,"cpu=max,gpu=max,ddr=max",2048,cacheblend,0.05,3.689036,555.1585834348051
orangepi,Orange Pi 5 Plus,MiniCPM5-1B,OpenCL,"cpu=max,gpu=max,ddr=max",2048,cacheblend,0.10,4.473335,457.8239724947942
orangepi,Orange Pi 5 Plus,MiniCPM5-1B,OpenCL,"cpu=max,gpu=max,ddr=max",2048,cacheblend,0.20,6.276987,326.2711871157292
orangepi,Orange Pi 5 Plus,MiniCPM5-1B,OpenCL,"cpu=max,gpu=max,ddr=max",2048,cacheblend,0.30,8.029129,255.0712536814392
orangepi,Orange Pi 5 Plus,MiniCPM5-1B,OpenCL,"cpu=max,gpu=max,ddr=max",2048,cacheblend,0.40,9.620878,212.87038459483637
orangepi,Orange Pi 5 Plus,MiniCPM5-1B,OpenCL,"cpu=max,gpu=max,ddr=max",2048,cacheblend,0.50,11.892315,172.21205459155766
orangepi,Orange Pi 5 Plus,MiniCPM5-1B,OpenCL,"cpu=max,gpu=max,ddr=max",2048,epic,0.05,3.475747,589.2258556218275
orangepi,Orange Pi 5 Plus,MiniCPM5-1B,OpenCL,"cpu=max,gpu=max,ddr=max",2048,epic,0.10,3.884049,527.2847999600417
orangepi,Orange Pi 5 Plus,MiniCPM5-1B,OpenCL,"cpu=max,gpu=max,ddr=max",2048,epic,0.20,4.791291,427.4422071212122
orangepi,Orange Pi 5 Plus,MiniCPM5-1B,OpenCL,"cpu=max,gpu=max,ddr=max",2048,epic,0.30,5.948013,344.3166650779008
orangepi,Orange Pi 5 Plus,MiniCPM5-1B,OpenCL,"cpu=max,gpu=max,ddr=max",2048,epic,0.40,7.119305,287.66852944212957
orangepi,Orange Pi 5 Plus,MiniCPM5-1B,OpenCL,"cpu=max,gpu=max,ddr=max",2048,epic,0.50,8.922163,229.5407514971426
orangepi,Orange Pi 5 Plus,MiniCPM5-1B,OpenCL,"cpu=max,gpu=max,ddr=max",2560,normal-full-recompute,full,14.56778845211577,175.730174035318
orangepi,Orange Pi 5 Plus,MiniCPM5-1B,OpenCL,"cpu=max,gpu=max,ddr=max",2560,full-reuse,0,0.834758,3066.7570721095217
orangepi,Orange Pi 5 Plus,MiniCPM5-1B,OpenCL,"cpu=max,gpu=max,ddr=max",2560,cacheblend,0.05,6.842663,374.1233493451307
orangepi,Orange Pi 5 Plus,MiniCPM5-1B,OpenCL,"cpu=max,gpu=max,ddr=max",2560,cacheblend,0.10,9.528431,268.66962672028586
orangepi,Orange Pi 5 Plus,MiniCPM5-1B,OpenCL,"cpu=max,gpu=max,ddr=max",2560,cacheblend,0.20,10.873187,235.44154993379587
orangepi,Orange Pi 5 Plus,MiniCPM5-1B,OpenCL,"cpu=max,gpu=max,ddr=max",2560,cacheblend,0.30,12.773148,200.4204445137565
orangepi,Orange Pi 5 Plus,MiniCPM5-1B,OpenCL,"cpu=max,gpu=max,ddr=max",2560,cacheblend,0.40,15.857593,161.43685867079574
orangepi,Orange Pi 5 Plus,MiniCPM5-1B,OpenCL,"cpu=max,gpu=max,ddr=max",2560,cacheblend,0.50,18.648733,137.27474139932187
orangepi,Orange Pi 5 Plus,MiniCPM5-1B,OpenCL,"cpu=max,gpu=max,ddr=max",2560,epic,0.05,5.040579,507.87816240951685
orangepi,Orange Pi 5 Plus,MiniCPM5-1B,OpenCL,"cpu=max,gpu=max,ddr=max",2560,epic,0.10,5.382201,475.64184243583617
orangepi,Orange Pi 5 Plus,MiniCPM5-1B,OpenCL,"cpu=max,gpu=max,ddr=max",2560,epic,0.20,6.781841,377.4786226925698
orangepi,Orange Pi 5 Plus,MiniCPM5-1B,OpenCL,"cpu=max,gpu=max,ddr=max",2560,epic,0.30,8.250531,310.28305935702804
orangepi,Orange Pi 5 Plus,MiniCPM5-1B,OpenCL,"cpu=max,gpu=max,ddr=max",2560,epic,0.40,10.252805,249.68776837167974
orangepi,Orange Pi 5 Plus,MiniCPM5-1B,OpenCL,"cpu=max,gpu=max,ddr=max",2560,epic,0.50,12.378715,206.80660310864255
orangepi,Orange Pi 5 Plus,MiniCPM5-1B,OpenCL,"cpu=max,gpu=max,ddr=max",3072,normal-full-recompute,full,18.819421568768487,163.23562277270494
orangepi,Orange Pi 5 Plus,MiniCPM5-1B,OpenCL,"cpu=max,gpu=max,ddr=max",3072,full-reuse,0,0.946019,3247.2920734150157
orangepi,Orange Pi 5 Plus,MiniCPM5-1B,OpenCL,"cpu=max,gpu=max,ddr=max",3072,cacheblend,0.05,7.80878,393.4033229262446
orangepi,Orange Pi 5 Plus,MiniCPM5-1B,OpenCL,"cpu=max,gpu=max,ddr=max",3072,cacheblend,0.10,9.639148,318.70036646392396
orangepi,Orange Pi 5 Plus,MiniCPM5-1B,OpenCL,"cpu=max,gpu=max,ddr=max",3072,cacheblend,0.20,13.844792,221.8884906324342
orangepi,Orange Pi 5 Plus,MiniCPM5-1B,OpenCL,"cpu=max,gpu=max,ddr=max",3072,cacheblend,0.30,18.042043,170.26896565982022
orangepi,Orange Pi 5 Plus,MiniCPM5-1B,OpenCL,"cpu=max,gpu=max,ddr=max",3072,cacheblend,0.40,22.162702,138.6112577789477
orangepi,Orange Pi 5 Plus,MiniCPM5-1B,OpenCL,"cpu=max,gpu=max,ddr=max",3072,cacheblend,0.50,26.243375,117.05811466703501
orangepi,Orange Pi 5 Plus,MiniCPM5-1B,OpenCL,"cpu=max,gpu=max,ddr=max",3072,epic,0.05,6.51177,471.7611340695387
orangepi,Orange Pi 5 Plus,MiniCPM5-1B,OpenCL,"cpu=max,gpu=max,ddr=max",3072,epic,0.10,7.032496,436.82925663946344
orangepi,Orange Pi 5 Plus,MiniCPM5-1B,OpenCL,"cpu=max,gpu=max,ddr=max",3072,epic,0.20,8.784652,349.70081911042126
orangepi,Orange Pi 5 Plus,MiniCPM5-1B,OpenCL,"cpu=max,gpu=max,ddr=max",3072,epic,0.30,10.856033,282.9762953005025
orangepi,Orange Pi 5 Plus,MiniCPM5-1B,OpenCL,"cpu=max,gpu=max,ddr=max",3072,epic,0.40,13.352672,230.06631182133432
orangepi,Orange Pi 5 Plus,MiniCPM5-1B,OpenCL,"cpu=max,gpu=max,ddr=max",3072,epic,0.50,16.551713,185.6001248934174
orangepi,Orange Pi 5 Plus,Llama3.2 3B,OpenCL,"cpu=max,gpu=max,ddr=max",512,normal-full-recompute,full,7.656915970530308,66.86765297811405
orangepi,Orange Pi 5 Plus,Llama3.2 3B,OpenCL,"cpu=max,gpu=max,ddr=max",512,full-reuse,0,1.144835,447.2260194700546
orangepi,Orange Pi 5 Plus,Llama3.2 3B,OpenCL,"cpu=max,gpu=max,ddr=max",512,cacheblend,0.05,1.634906,313.1678518520331
orangepi,Orange Pi 5 Plus,Llama3.2 3B,OpenCL,"cpu=max,gpu=max,ddr=max",512,cacheblend,0.10,2.287552,223.8200486808606
orangepi,Orange Pi 5 Plus,Llama3.2 3B,OpenCL,"cpu=max,gpu=max,ddr=max",512,cacheblend,0.20,3.319912,154.22095525423566
orangepi,Orange Pi 5 Plus,Llama3.2 3B,OpenCL,"cpu=max,gpu=max,ddr=max",512,cacheblend,0.30,4.366593,117.2538864968638
orangepi,Orange Pi 5 Plus,Llama3.2 3B,OpenCL,"cpu=max,gpu=max,ddr=max",512,cacheblend,0.40,4.769152,107.35661182533079
orangepi,Orange Pi 5 Plus,Llama3.2 3B,OpenCL,"cpu=max,gpu=max,ddr=max",512,cacheblend,0.50,5.92669,86.38886123620436
orangepi,Orange Pi 5 Plus,Llama3.2 3B,OpenCL,"cpu=max,gpu=max,ddr=max",512,epic,0.05,1.621399,315.7766842091305
orangepi,Orange Pi 5 Plus,Llama3.2 3B,OpenCL,"cpu=max,gpu=max,ddr=max",512,epic,0.10,2.26226,226.32235021615554
orangepi,Orange Pi 5 Plus,Llama3.2 3B,OpenCL,"cpu=max,gpu=max,ddr=max",512,epic,0.20,3.240575,157.99665182876495
orangepi,Orange Pi 5 Plus,Llama3.2 3B,OpenCL,"cpu=max,gpu=max,ddr=max",512,epic,0.30,4.274442,119.78171653750361
orangepi,Orange Pi 5 Plus,Llama3.2 3B,OpenCL,"cpu=max,gpu=max,ddr=max",512,epic,0.40,4.673004,109.56549577102867
orangepi,Orange Pi 5 Plus,Llama3.2 3B,OpenCL,"cpu=max,gpu=max,ddr=max",512,epic,0.50,5.782993,88.53546943598236
orangepi,Orange Pi 5 Plus,Llama3.2 3B,OpenCL,"cpu=max,gpu=max,ddr=max",1024,normal-full-recompute,full,15.890526332100896,64.44091143358726
orangepi,Orange Pi 5 Plus,Llama3.2 3B,OpenCL,"cpu=max,gpu=max,ddr=max",1024,full-reuse,0,1.109441,922.9873422741724
orangepi,Orange Pi 5 Plus,Llama3.2 3B,OpenCL,"cpu=max,gpu=max,ddr=max",1024,cacheblend,0.05,3.38034,302.9281078234734
orangepi,Orange Pi 5 Plus,Llama3.2 3B,OpenCL,"cpu=max,gpu=max,ddr=max",1024,cacheblend,0.10,4.372394,234.19664376083216
orangepi,Orange Pi 5 Plus,Llama3.2 3B,OpenCL,"cpu=max,gpu=max,ddr=max",1024,cacheblend,0.20,5.854538,174.9070550058775
orangepi,Orange Pi 5 Plus,Llama3.2 3B,OpenCL,"cpu=max,gpu=max,ddr=max",1024,cacheblend,0.30,7.268154,140.888594270292
orangepi,Orange Pi 5 Plus,Llama3.2 3B,OpenCL,"cpu=max,gpu=max,ddr=max",1024,cacheblend,0.40,9.322362,109.84340663878962
orangepi,Orange Pi 5 Plus,Llama3.2 3B,OpenCL,"cpu=max,gpu=max,ddr=max",1024,cacheblend,0.50,11.11822,92.1010737330256
orangepi,Orange Pi 5 Plus,Llama3.2 3B,OpenCL,"cpu=max,gpu=max,ddr=max",1024,epic,0.05,3.312802,309.1038945279555
orangepi,Orange Pi 5 Plus,Llama3.2 3B,OpenCL,"cpu=max,gpu=max,ddr=max",1024,epic,0.10,4.199468,243.84041026149023
orangepi,Orange Pi 5 Plus,Llama3.2 3B,OpenCL,"cpu=max,gpu=max,ddr=max",1024,epic,0.20,5.558722,184.21500481585514
orangepi,Orange Pi 5 Plus,Llama3.2 3B,OpenCL,"cpu=max,gpu=max,ddr=max",1024,epic,0.30,6.84197,149.66449721352183
orangepi,Orange Pi 5 Plus,Llama3.2 3B,OpenCL,"cpu=max,gpu=max,ddr=max",1024,epic,0.40,8.852828,115.66925280825517
orangepi,Orange Pi 5 Plus,Llama3.2 3B,OpenCL,"cpu=max,gpu=max,ddr=max",1024,epic,0.50,10.627023,96.35812400142542
orangepi,Orange Pi 5 Plus,Llama3.2 3B,OpenCL,"cpu=max,gpu=max,ddr=max",1536,normal-full-recompute,full,24.133070046493298,63.64710320903376
orangepi,Orange Pi 5 Plus,Llama3.2 3B,OpenCL,"cpu=max,gpu=max,ddr=max",1536,full-reuse,0,1.485792,1033.792078568198
orangepi,Orange Pi 5 Plus,Llama3.2 3B,OpenCL,"cpu=max,gpu=max,ddr=max",1536,cacheblend,0.05,5.368141,286.13257364141515
orangepi,Orange Pi 5 Plus,Llama3.2 3B,OpenCL,"cpu=max,gpu=max,ddr=max",1536,cacheblend,0.10,6.981383,220.0137136151963
orangepi,Orange Pi 5 Plus,Llama3.2 3B,OpenCL,"cpu=max,gpu=max,ddr=max",1536,cacheblend,0.20,9.118096,168.4562215620454
orangepi,Orange Pi 5 Plus,Llama3.2 3B,OpenCL,"cpu=max,gpu=max,ddr=max",1536,cacheblend,0.30,12.182711,126.08031168103717
orangepi,Orange Pi 5 Plus,Llama3.2 3B,OpenCL,"cpu=max,gpu=max,ddr=max",1536,cacheblend,0.40,15.014416,102.30168126419302
orangepi,Orange Pi 5 Plus,Llama3.2 3B,OpenCL,"cpu=max,gpu=max,ddr=max",1536,cacheblend,0.50,18.438851,83.30237063036087
orangepi,Orange Pi 5 Plus,Llama3.2 3B,OpenCL,"cpu=max,gpu=max,ddr=max",1536,epic,0.05,5.142042,298.71401283770143
orangepi,Orange Pi 5 Plus,Llama3.2 3B,OpenCL,"cpu=max,gpu=max,ddr=max",1536,epic,0.10,6.514995,235.76380334904326
orangepi,Orange Pi 5 Plus,Llama3.2 3B,OpenCL,"cpu=max,gpu=max,ddr=max",1536,epic,0.20,8.252879,186.1168690344303
orangepi,Orange Pi 5 Plus,Llama3.2 3B,OpenCL,"cpu=max,gpu=max,ddr=max",1536,epic,0.30,10.86486,141.37319762978998
orangepi,Orange Pi 5 Plus,Llama3.2 3B,OpenCL,"cpu=max,gpu=max,ddr=max",1536,epic,0.40,13.502201,113.75923080985093
orangepi,Orange Pi 5 Plus,Llama3.2 3B,OpenCL,"cpu=max,gpu=max,ddr=max",1536,epic,0.50,16.649957,92.25249050192743
orangepi,Orange Pi 5 Plus,Llama3.2 3B,OpenCL,"cpu=max,gpu=max,ddr=max",2048,normal-full-recompute,full,33.53586711481794,61.06894427355015
orangepi,Orange Pi 5 Plus,Llama3.2 3B,OpenCL,"cpu=max,gpu=max,ddr=max",2048,full-reuse,0,1.641725,1247.4683640682817
orangepi,Orange Pi 5 Plus,Llama3.2 3B,OpenCL,"cpu=max,gpu=max,ddr=max",2048,cacheblend,0.05,7.896584,259.3526517288995
orangepi,Orange Pi 5 Plus,Llama3.2 3B,OpenCL,"cpu=max,gpu=max,ddr=max",2048,cacheblend,0.10,9.796949,209.0446729895195
orangepi,Orange Pi 5 Plus,Llama3.2 3B,OpenCL,"cpu=max,gpu=max,ddr=max",2048,cacheblend,0.20,13.87704,147.58190507485747
orangepi,Orange Pi 5 Plus,Llama3.2 3B,OpenCL,"cpu=max,gpu=max,ddr=max",2048,cacheblend,0.30,17.808895,114.99871272192912
orangepi,Orange Pi 5 Plus,Llama3.2 3B,OpenCL,"cpu=max,gpu=max,ddr=max",2048,cacheblend,0.40,21.715644,94.3098901418719
orangepi,Orange Pi 5 Plus,Llama3.2 3B,OpenCL,"cpu=max,gpu=max,ddr=max",2048,cacheblend,0.50,28.110441,72.85549166589026
orangepi,Orange Pi 5 Plus,Llama3.2 3B,OpenCL,"cpu=max,gpu=max,ddr=max",2048,epic,0.05,7.344334,278.8544202918876
orangepi,Orange Pi 5 Plus,Llama3.2 3B,OpenCL,"cpu=max,gpu=max,ddr=max",2048,epic,0.10,8.776739,233.34407004697306
orangepi,Orange Pi 5 Plus,Llama3.2 3B,OpenCL,"cpu=max,gpu=max,ddr=max",2048,epic,0.20,12.076437,169.58644341870038
orangepi,Orange Pi 5 Plus,Llama3.2 3B,OpenCL,"cpu=max,gpu=max,ddr=max",2048,epic,0.30,15.332369,133.57361801036748
orangepi,Orange Pi 5 Plus,Llama3.2 3B,OpenCL,"cpu=max,gpu=max,ddr=max",2048,epic,0.40,18.762844,109.15189616243677
orangepi,Orange Pi 5 Plus,Llama3.2 3B,OpenCL,"cpu=max,gpu=max,ddr=max",2048,epic,0.50,24.406214,83.9130559127278
orangepi,Orange Pi 5 Plus,Llama3.2 3B,OpenCL,"cpu=max,gpu=max,ddr=max",2560,normal-full-recompute,full,43.3787657674617,59.015049292164264
orangepi,Orange Pi 5 Plus,Llama3.2 3B,OpenCL,"cpu=max,gpu=max,ddr=max",2560,full-reuse,0,1.718726,1489.475343946621
orangepi,Orange Pi 5 Plus,Llama3.2 3B,OpenCL,"cpu=max,gpu=max,ddr=max",2560,cacheblend,0.05,13.190611,194.07743886920778
orangepi,Orange Pi 5 Plus,Llama3.2 3B,OpenCL,"cpu=max,gpu=max,ddr=max",2560,cacheblend,0.10,15.720495,162.844745028703
orangepi,Orange Pi 5 Plus,Llama3.2 3B,OpenCL,"cpu=max,gpu=max,ddr=max",2560,cacheblend,0.20,21.863034,117.09262310070963
orangepi,Orange Pi 5 Plus,Llama3.2 3B,OpenCL,"cpu=max,gpu=max,ddr=max",2560,cacheblend,0.30,27.095806,94.47956632107567
orangepi,Orange Pi 5 Plus,Llama3.2 3B,OpenCL,"cpu=max,gpu=max,ddr=max",2560,cacheblend,0.40,33.443118,76.54788647398249
orangepi,Orange Pi 5 Plus,Llama3.2 3B,OpenCL,"cpu=max,gpu=max,ddr=max",2560,cacheblend,0.50,40.653321,62.97148515861718
orangepi,Orange Pi 5 Plus,Llama3.2 3B,OpenCL,"cpu=max,gpu=max,ddr=max",2560,epic,0.05,11.318988,226.16862920960781
orangepi,Orange Pi 5 Plus,Llama3.2 3B,OpenCL,"cpu=max,gpu=max,ddr=max",2560,epic,0.10,12.074512,212.01685003915685
orangepi,Orange Pi 5 Plus,Llama3.2 3B,OpenCL,"cpu=max,gpu=max,ddr=max",2560,epic,0.20,16.017443,159.8257599543198
orangepi,Orange Pi 5 Plus,Llama3.2 3B,OpenCL,"cpu=max,gpu=max,ddr=max",2560,epic,0.30,20.666827,123.87000675043149
orangepi,Orange Pi 5 Plus,Llama3.2 3B,OpenCL,"cpu=max,gpu=max,ddr=max",2560,epic,0.40,26.631143,96.12805578791718
orangepi,Orange Pi 5 Plus,Llama3.2 3B,OpenCL,"cpu=max,gpu=max,ddr=max",2560,epic,0.50,32.196172,79.51255820101844
orangepi,Orange Pi 5 Plus,Llama3.2 3B,OpenCL,"cpu=max,gpu=max,ddr=max",3072,normal-full-recompute,full,53.49077333281615,57.43046526708847
orangepi,Orange Pi 5 Plus,Llama3.2 3B,OpenCL,"cpu=max,gpu=max,ddr=max",3072,full-reuse,0,1.902864,1614.4085967257774
orangepi,Orange Pi 5 Plus,Llama3.2 3B,OpenCL,"cpu=max,gpu=max,ddr=max",3072,cacheblend,0.05,15.757516,194.9545854816203
orangepi,Orange Pi 5 Plus,Llama3.2 3B,OpenCL,"cpu=max,gpu=max,ddr=max",3072,cacheblend,0.10,19.975138,153.7911778131395
orangepi,Orange Pi 5 Plus,Llama3.2 3B,OpenCL,"cpu=max,gpu=max,ddr=max",3072,cacheblend,0.20,29.355134,104.64949674561186
orangepi,Orange Pi 5 Plus,Llama3.2 3B,OpenCL,"cpu=max,gpu=max,ddr=max",3072,cacheblend,0.30,37.214031,82.54950935038454
orangepi,Orange Pi 5 Plus,Llama3.2 3B,OpenCL,"cpu=max,gpu=max,ddr=max",3072,cacheblend,0.40,43.780184,70.16873204553
orangepi,Orange Pi 5 Plus,Llama3.2 3B,OpenCL,"cpu=max,gpu=max,ddr=max",3072,cacheblend,0.50,52.411456,58.61313984484613
orangepi,Orange Pi 5 Plus,Llama3.2 3B,OpenCL,"cpu=max,gpu=max,ddr=max",3072,epic,0.05,13.014173,236.0503429607091
orangepi,Orange Pi 5 Plus,Llama3.2 3B,OpenCL,"cpu=max,gpu=max,ddr=max",3072,epic,0.10,14.793188,207.66314874116384
orangepi,Orange Pi 5 Plus,Llama3.2 3B,OpenCL,"cpu=max,gpu=max,ddr=max",3072,epic,0.20,20.108723,152.76952196317984
orangepi,Orange Pi 5 Plus,Llama3.2 3B,OpenCL,"cpu=max,gpu=max,ddr=max",3072,epic,0.30,26.027446,118.02925265890475
orangepi,Orange Pi 5 Plus,Llama3.2 3B,OpenCL,"cpu=max,gpu=max,ddr=max",3072,epic,0.40,32.011209,95.96638477478311
orangepi,Orange Pi 5 Plus,Llama3.2 3B,OpenCL,"cpu=max,gpu=max,ddr=max",3072,epic,0.50,40.962314,74.9957631788087
orangepi,Orange Pi 5 Plus,Qwen3-4B,OpenCL,"cpu=max,gpu=max,ddr=max",512,normal-full-recompute,full,11.120828956724841,46.03973336811283
orangepi,Orange Pi 5 Plus,Qwen3-4B,OpenCL,"cpu=max,gpu=max,ddr=max",512,full-reuse,0,2.428097,210.86472245548674
orangepi,Orange Pi 5 Plus,Qwen3-4B,OpenCL,"cpu=max,gpu=max,ddr=max",512,cacheblend,0.05,3.87067,132.27684096035054
orangepi,Orange Pi 5 Plus,Qwen3-4B,OpenCL,"cpu=max,gpu=max,ddr=max",512,cacheblend,0.10,3.810722,134.35774113147062
orangepi,Orange Pi 5 Plus,Qwen3-4B,OpenCL,"cpu=max,gpu=max,ddr=max",512,cacheblend,0.20,5.627771,90.97740473093165
orangepi,Orange Pi 5 Plus,Qwen3-4B,OpenCL,"cpu=max,gpu=max,ddr=max",512,cacheblend,0.30,7.92661,64.59255596024025
orangepi,Orange Pi 5 Plus,Qwen3-4B,OpenCL,"cpu=max,gpu=max,ddr=max",512,cacheblend,0.40,9.442913,54.22055672862812
orangepi,Orange Pi 5 Plus,Qwen3-4B,OpenCL,"cpu=max,gpu=max,ddr=max",512,cacheblend,0.50,11.390604,44.94932841138187
orangepi,Orange Pi 5 Plus,Qwen3-4B,OpenCL,"cpu=max,gpu=max,ddr=max",512,epic,0.05,2.632907,194.46186287628086
orangepi,Orange Pi 5 Plus,Qwen3-4B,OpenCL,"cpu=max,gpu=max,ddr=max",512,epic,0.10,3.782292,135.36765537933084
orangepi,Orange Pi 5 Plus,Qwen3-4B,OpenCL,"cpu=max,gpu=max,ddr=max",512,epic,0.20,5.283989,96.89649240375027
orangepi,Orange Pi 5 Plus,Qwen3-4B,OpenCL,"cpu=max,gpu=max,ddr=max",512,epic,0.30,7.801247,65.63053316988938
orangepi,Orange Pi 5 Plus,Qwen3-4B,OpenCL,"cpu=max,gpu=max,ddr=max",512,epic,0.40,9.24357,55.389854785542816
orangepi,Orange Pi 5 Plus,Qwen3-4B,OpenCL,"cpu=max,gpu=max,ddr=max",512,epic,0.50,11.633986,44.008992274874664
orangepi,Orange Pi 5 Plus,Qwen3-4B,OpenCL,"cpu=max,gpu=max,ddr=max",1024,normal-full-recompute,full,24.936435014243177,41.064410346351124
orangepi,Orange Pi 5 Plus,Qwen3-4B,OpenCL,"cpu=max,gpu=max,ddr=max",1024,full-reuse,0,2.985267,343.0178942118075
orangepi,Orange Pi 5 Plus,Qwen3-4B,OpenCL,"cpu=max,gpu=max,ddr=max",1024,cacheblend,0.05,6.02419,169.9813584896891
orangepi,Orange Pi 5 Plus,Qwen3-4B,OpenCL,"cpu=max,gpu=max,ddr=max",1024,cacheblend,0.10,7.227444,141.68217699092514
orangepi,Orange Pi 5 Plus,Qwen3-4B,OpenCL,"cpu=max,gpu=max,ddr=max",1024,cacheblend,0.20,11.665056,87.78354771721628
orangepi,Orange Pi 5 Plus,Qwen3-4B,OpenCL,"cpu=max,gpu=max,ddr=max",1024,cacheblend,0.30,12.698683,80.63828351333756
orangepi,Orange Pi 5 Plus,Qwen3-4B,OpenCL,"cpu=max,gpu=max,ddr=max",1024,cacheblend,0.40,15.748628,65.02153711421718
orangepi,Orange Pi 5 Plus,Qwen3-4B,OpenCL,"cpu=max,gpu=max,ddr=max",1024,cacheblend,0.50,20.336854,50.35193742355627
orangepi,Orange Pi 5 Plus,Qwen3-4B,OpenCL,"cpu=max,gpu=max,ddr=max",1024,epic,0.05,5.077923,201.6572523844887
orangepi,Orange Pi 5 Plus,Qwen3-4B,OpenCL,"cpu=max,gpu=max,ddr=max",1024,epic,0.10,6.876134,148.9208907214432
orangepi,Orange Pi 5 Plus,Qwen3-4B,OpenCL,"cpu=max,gpu=max,ddr=max",1024,epic,0.20,11.21058,91.34228559093285
orangepi,Orange Pi 5 Plus,Qwen3-4B,OpenCL,"cpu=max,gpu=max,ddr=max",1024,epic,0.30,12.390586,82.64338748788798
orangepi,Orange Pi 5 Plus,Qwen3-4B,OpenCL,"cpu=max,gpu=max,ddr=max",1024,epic,0.40,15.892815,64.43163152657348
orangepi,Orange Pi 5 Plus,Qwen3-4B,OpenCL,"cpu=max,gpu=max,ddr=max",1024,epic,0.50,19.753539,51.838812275612995
orangepi,Orange Pi 5 Plus,Qwen3-4B,OpenCL,"cpu=max,gpu=max,ddr=max",1536,normal-full-recompute,full,38.28972105062552,40.11520475610535
orangepi,Orange Pi 5 Plus,Qwen3-4B,OpenCL,"cpu=max,gpu=max,ddr=max",1536,full-reuse,0,2.42005,634.6976302142518
orangepi,Orange Pi 5 Plus,Qwen3-4B,OpenCL,"cpu=max,gpu=max,ddr=max",1536,cacheblend,0.05,7.993061,192.16668057456337
orangepi,Orange Pi 5 Plus,Qwen3-4B,OpenCL,"cpu=max,gpu=max,ddr=max",1536,cacheblend,0.10,11.077847,138.65510148316727
orangepi,Orange Pi 5 Plus,Qwen3-4B,OpenCL,"cpu=max,gpu=max,ddr=max",1536,cacheblend,0.20,16.480467,93.20124241624949
orangepi,Orange Pi 5 Plus,Qwen3-4B,OpenCL,"cpu=max,gpu=max,ddr=max",1536,cacheblend,0.30,20.651151,74.37842084443623
orangepi,Orange Pi 5 Plus,Qwen3-4B,OpenCL,"cpu=max,gpu=max,ddr=max",1536,cacheblend,0.40,24.587187,62.471562932351716
orangepi,Orange Pi 5 Plus,Qwen3-4B,OpenCL,"cpu=max,gpu=max,ddr=max",1536,cacheblend,0.50,29.126481,52.73551583522912
orangepi,Orange Pi 5 Plus,Qwen3-4B,OpenCL,"cpu=max,gpu=max,ddr=max",1536,epic,0.05,8.682621,176.90510734028356
orangepi,Orange Pi 5 Plus,Qwen3-4B,OpenCL,"cpu=max,gpu=max,ddr=max",1536,epic,0.10,12.440721,123.46551297147488
orangepi,Orange Pi 5 Plus,Qwen3-4B,OpenCL,"cpu=max,gpu=max,ddr=max",1536,epic,0.20,14.579601,105.35267734693151
orangepi,Orange Pi 5 Plus,Qwen3-4B,OpenCL,"cpu=max,gpu=max,ddr=max",1536,epic,0.30,19.523694,78.67363624936962
orangepi,Orange Pi 5 Plus,Qwen3-4B,OpenCL,"cpu=max,gpu=max,ddr=max",1536,epic,0.40,25.735397,59.68433282766145
orangepi,Orange Pi 5 Plus,Qwen3-4B,OpenCL,"cpu=max,gpu=max,ddr=max",1536,epic,0.50,34.668291,44.30561633395773
orangepi,Orange Pi 5 Plus,Qwen3-4B,OpenCL,"cpu=max,gpu=max,ddr=max",2048,normal-full-recompute,full,55.58314828143386,36.84569988066118
orangepi,Orange Pi 5 Plus,Qwen3-4B,OpenCL,"cpu=max,gpu=max,ddr=max",2048,full-reuse,0,3.563025,574.792486721255
orangepi,Orange Pi 5 Plus,Qwen3-4B,OpenCL,"cpu=max,gpu=max,ddr=max",2048,cacheblend,0.05,12.147464,168.59486062276045
orangepi,Orange Pi 5 Plus,Qwen3-4B,OpenCL,"cpu=max,gpu=max,ddr=max",2048,cacheblend,0.10,17.124267,119.5963599493047
orangepi,Orange Pi 5 Plus,Qwen3-4B,OpenCL,"cpu=max,gpu=max,ddr=max",2048,cacheblend,0.20,23.219433,88.20198150402726
orangepi,Orange Pi 5 Plus,Qwen3-4B,OpenCL,"cpu=max,gpu=max,ddr=max",2048,cacheblend,0.30,29.24774,70.02250430289656
orangepi,Orange Pi 5 Plus,Qwen3-4B,OpenCL,"cpu=max,gpu=max,ddr=max",2048,cacheblend,0.40,34.940372,58.6141441195875
orangepi,Orange Pi 5 Plus,Qwen3-4B,OpenCL,"cpu=max,gpu=max,ddr=max",2048,cacheblend,0.50,44.708272,45.808077753485975
orangepi,Orange Pi 5 Plus,Qwen3-4B,OpenCL,"cpu=max,gpu=max,ddr=max",2048,epic,0.05,11.315142,180.9964028732472
orangepi,Orange Pi 5 Plus,Qwen3-4B,OpenCL,"cpu=max,gpu=max,ddr=max",2048,epic,0.10,14.396486,142.2569368663992
orangepi,Orange Pi 5 Plus,Qwen3-4B,OpenCL,"cpu=max,gpu=max,ddr=max",2048,epic,0.20,17.765212,115.28148383481155
orangepi,Orange Pi 5 Plus,Qwen3-4B,OpenCL,"cpu=max,gpu=max,ddr=max",2048,epic,0.30,24.08145,85.04471283913551
orangepi,Orange Pi 5 Plus,Qwen3-4B,OpenCL,"cpu=max,gpu=max,ddr=max",2048,epic,0.40,29.60316,69.18180356421409
orangepi,Orange Pi 5 Plus,Qwen3-4B,OpenCL,"cpu=max,gpu=max,ddr=max",2048,epic,0.50,36.830896,55.605489478181575
rhino,Rhino Pi X1,Llama3.2 1B,OpenCL,"cpu=max,gpu=max,ddr=max",512,normal-full-recompute,full,1.6866901252252064,303.55309036485755
rhino,Rhino Pi X1,Llama3.2 1B,OpenCL,"cpu=max,gpu=max,ddr=max",512,full-reuse,0,0.328252,1559.7772443122967
rhino,Rhino Pi X1,Llama3.2 1B,OpenCL,"cpu=max,gpu=max,ddr=max",512,cacheblend,0.05,0.43183,1185.651761109696
rhino,Rhino Pi X1,Llama3.2 1B,OpenCL,"cpu=max,gpu=max,ddr=max",512,cacheblend,0.10,0.475708,1076.2904975320994
rhino,Rhino Pi X1,Llama3.2 1B,OpenCL,"cpu=max,gpu=max,ddr=max",512,cacheblend,0.20,0.622912,821.9459570533237
rhino,Rhino Pi X1,Llama3.2 1B,OpenCL,"cpu=max,gpu=max,ddr=max",512,cacheblend,0.30,0.764165,670.0123664391853
rhino,Rhino Pi X1,Llama3.2 1B,OpenCL,"cpu=max,gpu=max,ddr=max",512,cacheblend,0.40,0.9145,559.8687807545107
rhino,Rhino Pi X1,Llama3.2 1B,OpenCL,"cpu=max,gpu=max,ddr=max",512,cacheblend,0.50,1.070775,478.15834325605283
rhino,Rhino Pi X1,Llama3.2 1B,OpenCL,"cpu=max,gpu=max,ddr=max",512,epic,0.05,0.385755,1327.2673069694495
rhino,Rhino Pi X1,Llama3.2 1B,OpenCL,"cpu=max,gpu=max,ddr=max",512,epic,0.10,0.457117,1120.063353583437
rhino,Rhino Pi X1,Llama3.2 1B,OpenCL,"cpu=max,gpu=max,ddr=max",512,epic,0.20,0.584821,875.4815576048055
rhino,Rhino Pi X1,Llama3.2 1B,OpenCL,"cpu=max,gpu=max,ddr=max",512,epic,0.30,0.72382,707.3581829736675
rhino,Rhino Pi X1,Llama3.2 1B,OpenCL,"cpu=max,gpu=max,ddr=max",512,epic,0.40,0.86477,592.0649421233392
rhino,Rhino Pi X1,Llama3.2 1B,OpenCL,"cpu=max,gpu=max,ddr=max",512,epic,0.50,1.009112,507.37678275553156
rhino,Rhino Pi X1,Llama3.2 1B,OpenCL,"cpu=max,gpu=max,ddr=max",1024,normal-full-recompute,full,3.4508173968422318,296.7412882921711
rhino,Rhino Pi X1,Llama3.2 1B,OpenCL,"cpu=max,gpu=max,ddr=max",1024,full-reuse,0,0.373276,2743.2784320449214
rhino,Rhino Pi X1,Llama3.2 1B,OpenCL,"cpu=max,gpu=max,ddr=max",1024,cacheblend,0.05,0.627364,1632.2262673663136
rhino,Rhino Pi X1,Llama3.2 1B,OpenCL,"cpu=max,gpu=max,ddr=max",1024,cacheblend,0.10,0.775098,1321.1232644130162
rhino,Rhino Pi X1,Llama3.2 1B,OpenCL,"cpu=max,gpu=max,ddr=max",1024,cacheblend,0.20,1.07431,953.1699416369576
rhino,Rhino Pi X1,Llama3.2 1B,OpenCL,"cpu=max,gpu=max,ddr=max",1024,cacheblend,0.30,1.457897,702.3815811405058
rhino,Rhino Pi X1,Llama3.2 1B,OpenCL,"cpu=max,gpu=max,ddr=max",1024,cacheblend,0.40,1.800309,568.7912463915917
rhino,Rhino Pi X1,Llama3.2 1B,OpenCL,"cpu=max,gpu=max,ddr=max",1024,cacheblend,0.50,2.173855,471.05257710380863
rhino,Rhino Pi X1,Llama3.2 1B,OpenCL,"cpu=max,gpu=max,ddr=max",1024,epic,0.05,0.594816,1721.5407789972026
rhino,Rhino Pi X1,Llama3.2 1B,OpenCL,"cpu=max,gpu=max,ddr=max",1024,epic,0.10,0.726575,1409.3520971682208
rhino,Rhino Pi X1,Llama3.2 1B,OpenCL,"cpu=max,gpu=max,ddr=max",1024,epic,0.20,1.01443,1009.4338692664846
rhino,Rhino Pi X1,Llama3.2 1B,OpenCL,"cpu=max,gpu=max,ddr=max",1024,epic,0.30,1.339642,764.3833203199064
rhino,Rhino Pi X1,Llama3.2 1B,OpenCL,"cpu=max,gpu=max,ddr=max",1024,epic,0.40,1.652554,619.6469222790904
rhino,Rhino Pi X1,Llama3.2 1B,OpenCL,"cpu=max,gpu=max,ddr=max",1024,epic,0.50,2.009579,509.55946494265714
rhino,Rhino Pi X1,Llama3.2 1B,OpenCL,"cpu=max,gpu=max,ddr=max",1536,normal-full-recompute,full,4.520957184245727,339.75106098162814
rhino,Rhino Pi X1,Llama3.2 1B,OpenCL,"cpu=max,gpu=max,ddr=max",1536,full-reuse,0,0.418881,3666.9125598917117
rhino,Rhino Pi X1,Llama3.2 1B,OpenCL,"cpu=max,gpu=max,ddr=max",1536,cacheblend,0.05,0.954552,1609.1318230960703
rhino,Rhino Pi X1,Llama3.2 1B,OpenCL,"cpu=max,gpu=max,ddr=max",1536,cacheblend,0.10,1.176923,1305.0981245162172
rhino,Rhino Pi X1,Llama3.2 1B,OpenCL,"cpu=max,gpu=max,ddr=max",1536,cacheblend,0.20,1.762767,871.3573603317966
rhino,Rhino Pi X1,Llama3.2 1B,OpenCL,"cpu=max,gpu=max,ddr=max",1536,cacheblend,0.30,2.271751,676.1304385912013
rhino,Rhino Pi X1,Llama3.2 1B,OpenCL,"cpu=max,gpu=max,ddr=max",1536,cacheblend,0.40,2.645112,580.6937475615399
rhino,Rhino Pi X1,Llama3.2 1B,OpenCL,"cpu=max,gpu=max,ddr=max",1536,cacheblend,0.50,3.437812,446.7958108238612
rhino,Rhino Pi X1,Llama3.2 1B,OpenCL,"cpu=max,gpu=max,ddr=max",1536,epic,0.05,0.792847,1937.3220810572532
rhino,Rhino Pi X1,Llama3.2 1B,OpenCL,"cpu=max,gpu=max,ddr=max",1536,epic,0.10,1.019729,1506.2825515406544
rhino,Rhino Pi X1,Llama3.2 1B,OpenCL,"cpu=max,gpu=max,ddr=max",1536,epic,0.20,1.489951,1030.9063855120069
rhino,Rhino Pi X1,Llama3.2 1B,OpenCL,"cpu=max,gpu=max,ddr=max",1536,epic,0.30,1.924024,798.3268399978379
rhino,Rhino Pi X1,Llama3.2 1B,OpenCL,"cpu=max,gpu=max,ddr=max",1536,epic,0.40,2.333384,658.2714203920143
rhino,Rhino Pi X1,Llama3.2 1B,OpenCL,"cpu=max,gpu=max,ddr=max",1536,epic,0.50,3.168442,484.78084812661865
rhino,Rhino Pi X1,Llama3.2 1B,OpenCL,"cpu=max,gpu=max,ddr=max",2048,normal-full-recompute,full,6.374329348561624,321.2887016046847
rhino,Rhino Pi X1,Llama3.2 1B,OpenCL,"cpu=max,gpu=max,ddr=max",2048,full-reuse,0,0.452403,4526.937266110083
rhino,Rhino Pi X1,Llama3.2 1B,OpenCL,"cpu=max,gpu=max,ddr=max",2048,cacheblend,0.05,1.296561,1579.5631674869135
rhino,Rhino Pi X1,Llama3.2 1B,OpenCL,"cpu=max,gpu=max,ddr=max",2048,cacheblend,0.10,1.711603,1196.539150725957
rhino,Rhino Pi X1,Llama3.2 1B,OpenCL,"cpu=max,gpu=max,ddr=max",2048,cacheblend,0.20,2.526406,810.6377201447431
rhino,Rhino Pi X1,Llama3.2 1B,OpenCL,"cpu=max,gpu=max,ddr=max",2048,cacheblend,0.30,3.114373,657.5962481051563
rhino,Rhino Pi X1,Llama3.2 1B,OpenCL,"cpu=max,gpu=max,ddr=max",2048,cacheblend,0.40,3.91748,522.7850556990719
rhino,Rhino Pi X1,Llama3.2 1B,OpenCL,"cpu=max,gpu=max,ddr=max",2048,cacheblend,0.50,4.735463,432.4814701329099
rhino,Rhino Pi X1,Llama3.2 1B,OpenCL,"cpu=max,gpu=max,ddr=max",2048,epic,0.05,1.059907,1932.2449988536732
rhino,Rhino Pi X1,Llama3.2 1B,OpenCL,"cpu=max,gpu=max,ddr=max",2048,epic,0.10,1.365676,1499.6236296163952
rhino,Rhino Pi X1,Llama3.2 1B,OpenCL,"cpu=max,gpu=max,ddr=max",2048,epic,0.20,2.000899,1023.5399188064965
rhino,Rhino Pi X1,Llama3.2 1B,OpenCL,"cpu=max,gpu=max,ddr=max",2048,epic,0.30,2.536107,807.5369059743931
rhino,Rhino Pi X1,Llama3.2 1B,OpenCL,"cpu=max,gpu=max,ddr=max",2048,epic,0.40,3.474634,589.4145973360072
rhino,Rhino Pi X1,Llama3.2 1B,OpenCL,"cpu=max,gpu=max,ddr=max",2048,epic,0.50,4.228273,484.35850759872886
rhino,Rhino Pi X1,Llama3.2 1B,OpenCL,"cpu=max,gpu=max,ddr=max",2560,normal-full-recompute,full,8.296967398517298,308.5464696965644
rhino,Rhino Pi X1,Llama3.2 1B,OpenCL,"cpu=max,gpu=max,ddr=max",2560,full-reuse,0,0.47226,5420.742811163342
rhino,Rhino Pi X1,Llama3.2 1B,OpenCL,"cpu=max,gpu=max,ddr=max",2560,cacheblend,0.05,1.516731,1687.8404937988344
rhino,Rhino Pi X1,Llama3.2 1B,OpenCL,"cpu=max,gpu=max,ddr=max",2560,cacheblend,0.10,2.053716,1246.5209405779572
rhino,Rhino Pi X1,Llama3.2 1B,OpenCL,"cpu=max,gpu=max,ddr=max",2560,cacheblend,0.20,3.00368,852.2878602247908
rhino,Rhino Pi X1,Llama3.2 1B,OpenCL,"cpu=max,gpu=max,ddr=max",2560,cacheblend,0.30,3.951155,647.91181312806
rhino,Rhino Pi X1,Llama3.2 1B,OpenCL,"cpu=max,gpu=max,ddr=max",2560,cacheblend,0.40,4.500211,568.8622155716698
rhino,Rhino Pi X1,Llama3.2 1B,OpenCL,"cpu=max,gpu=max,ddr=max",2560,cacheblend,0.50,5.550915,461.18522802096595
rhino,Rhino Pi X1,Llama3.2 1B,OpenCL,"cpu=max,gpu=max,ddr=max",2560,epic,0.05,1.291204,1982.645654753238
rhino,Rhino Pi X1,Llama3.2 1B,OpenCL,"cpu=max,gpu=max,ddr=max",2560,epic,0.10,1.673107,1530.0874361293093
rhino,Rhino Pi X1,Llama3.2 1B,OpenCL,"cpu=max,gpu=max,ddr=max",2560,epic,0.20,2.501855,1023.2407553595233
rhino,Rhino Pi X1,Llama3.2 1B,OpenCL,"cpu=max,gpu=max,ddr=max",2560,epic,0.30,3.512661,728.7922176378535
rhino,Rhino Pi X1,Llama3.2 1B,OpenCL,"cpu=max,gpu=max,ddr=max",2560,epic,0.40,4.379194,584.5824596946379
rhino,Rhino Pi X1,Llama3.2 1B,OpenCL,"cpu=max,gpu=max,ddr=max",2560,epic,0.50,5.553464,460.97354732109545
rhino,Rhino Pi X1,MiniCPM5-1B,OpenCL,"cpu=max,gpu=max,ddr=max",512,normal-full-recompute,full,1.1390839904817882,449.4839750872488
rhino,Rhino Pi X1,MiniCPM5-1B,OpenCL,"cpu=max,gpu=max,ddr=max",512,full-reuse,0,0.289987,1765.596388803636
rhino,Rhino Pi X1,MiniCPM5-1B,OpenCL,"cpu=max,gpu=max,ddr=max",512,cacheblend,0.05,0.378844,1351.4797647580533
rhino,Rhino Pi X1,MiniCPM5-1B,OpenCL,"cpu=max,gpu=max,ddr=max",512,cacheblend,0.10,0.427261,1198.3307626954017
rhino,Rhino Pi X1,MiniCPM5-1B,OpenCL,"cpu=max,gpu=max,ddr=max",512,cacheblend,0.20,0.531958,962.4820004586827
rhino,Rhino Pi X1,MiniCPM5-1B,OpenCL,"cpu=max,gpu=max,ddr=max",512,cacheblend,0.30,0.656011,780.4747176495516
rhino,Rhino Pi X1,MiniCPM5-1B,OpenCL,"cpu=max,gpu=max,ddr=max",512,cacheblend,0.40,0.782775,654.0832295359459
rhino,Rhino Pi X1,MiniCPM5-1B,OpenCL,"cpu=max,gpu=max,ddr=max",512,cacheblend,0.50,0.8952,571.9392314566577
rhino,Rhino Pi X1,MiniCPM5-1B,OpenCL,"cpu=max,gpu=max,ddr=max",512,epic,0.05,0.333902,1533.3840468161318
rhino,Rhino Pi X1,MiniCPM5-1B,OpenCL,"cpu=max,gpu=max,ddr=max",512,epic,0.10,0.389586,1314.2156032300957
rhino,Rhino Pi X1,MiniCPM5-1B,OpenCL,"cpu=max,gpu=max,ddr=max",512,epic,0.20,0.490962,1042.850566846314
rhino,Rhino Pi X1,MiniCPM5-1B,OpenCL,"cpu=max,gpu=max,ddr=max",512,epic,0.30,0.609684,839.7792955039004
rhino,Rhino Pi X1,MiniCPM5-1B,OpenCL,"cpu=max,gpu=max,ddr=max",512,epic,0.40,0.7128,718.294051627385
rhino,Rhino Pi X1,MiniCPM5-1B,OpenCL,"cpu=max,gpu=max,ddr=max",512,epic,0.50,0.856555,597.7432856033763
rhino,Rhino Pi X1,MiniCPM5-1B,OpenCL,"cpu=max,gpu=max,ddr=max",1024,normal-full-recompute,full,2.253296175649013,454.44536367042787
rhino,Rhino Pi X1,MiniCPM5-1B,OpenCL,"cpu=max,gpu=max,ddr=max",1024,full-reuse,0,0.328981,3112.641763506099
rhino,Rhino Pi X1,MiniCPM5-1B,OpenCL,"cpu=max,gpu=max,ddr=max",1024,cacheblend,0.05,0.586074,1747.2196343806413
rhino,Rhino Pi X1,MiniCPM5-1B,OpenCL,"cpu=max,gpu=max,ddr=max",1024,cacheblend,0.10,0.6329,1617.9491230842154
rhino,Rhino Pi X1,MiniCPM5-1B,OpenCL,"cpu=max,gpu=max,ddr=max",1024,cacheblend,0.20,0.911618,1123.2775131688932
rhino,Rhino Pi X1,MiniCPM5-1B,OpenCL,"cpu=max,gpu=max,ddr=max",1024,cacheblend,0.30,1.230344,832.2875553503735
rhino,Rhino Pi X1,MiniCPM5-1B,OpenCL,"cpu=max,gpu=max,ddr=max",1024,cacheblend,0.40,1.520313,673.5455133252166
rhino,Rhino Pi X1,MiniCPM5-1B,OpenCL,"cpu=max,gpu=max,ddr=max",1024,cacheblend,0.50,1.809501,565.9018701841005
rhino,Rhino Pi X1,MiniCPM5-1B,OpenCL,"cpu=max,gpu=max,ddr=max",1024,epic,0.05,0.525158,1949.8893666287097
rhino,Rhino Pi X1,MiniCPM5-1B,OpenCL,"cpu=max,gpu=max,ddr=max",1024,epic,0.10,0.563803,1816.2372317990503
rhino,Rhino Pi X1,MiniCPM5-1B,OpenCL,"cpu=max,gpu=max,ddr=max",1024,epic,0.20,0.804555,1272.7532611195008
rhino,Rhino Pi X1,MiniCPM5-1B,OpenCL,"cpu=max,gpu=max,ddr=max",1024,epic,0.30,1.096019,934.2903727033929
rhino,Rhino Pi X1,MiniCPM5-1B,OpenCL,"cpu=max,gpu=max,ddr=max",1024,epic,0.40,1.366975,749.0992885751385
rhino,Rhino Pi X1,MiniCPM5-1B,OpenCL,"cpu=max,gpu=max,ddr=max",1024,epic,0.50,1.696423,603.6230350567046
rhino,Rhino Pi X1,MiniCPM5-1B,OpenCL,"cpu=max,gpu=max,ddr=max",1536,normal-full-recompute,full,3.5663442765379303,430.69313585481706
rhino,Rhino Pi X1,MiniCPM5-1B,OpenCL,"cpu=max,gpu=max,ddr=max",1536,full-reuse,0,0.438112,3505.952815718355
rhino,Rhino Pi X1,MiniCPM5-1B,OpenCL,"cpu=max,gpu=max,ddr=max",1536,cacheblend,0.05,0.759404,2022.6388062217213
rhino,Rhino Pi X1,MiniCPM5-1B,OpenCL,"cpu=max,gpu=max,ddr=max",1536,cacheblend,0.10,0.962889,1595.199446665192
rhino,Rhino Pi X1,MiniCPM5-1B,OpenCL,"cpu=max,gpu=max,ddr=max",1536,cacheblend,0.20,1.424133,1078.5509499463883
rhino,Rhino Pi X1,MiniCPM5-1B,OpenCL,"cpu=max,gpu=max,ddr=max",1536,cacheblend,0.30,1.896506,809.9104352952219
rhino,Rhino Pi X1,MiniCPM5-1B,OpenCL,"cpu=max,gpu=max,ddr=max",1536,cacheblend,0.40,2.288092,671.3016784290143
rhino,Rhino Pi X1,MiniCPM5-1B,OpenCL,"cpu=max,gpu=max,ddr=max",1536,cacheblend,0.50,2.924766,525.1702187457048
rhino,Rhino Pi X1,MiniCPM5-1B,OpenCL,"cpu=max,gpu=max,ddr=max",1536,epic,0.05,0.583319,2633.207558814302
rhino,Rhino Pi X1,MiniCPM5-1B,OpenCL,"cpu=max,gpu=max,ddr=max",1536,epic,0.10,0.781613,1965.1669048493309
rhino,Rhino Pi X1,MiniCPM5-1B,OpenCL,"cpu=max,gpu=max,ddr=max",1536,epic,0.20,1.159618,1324.5741269969938
rhino,Rhino Pi X1,MiniCPM5-1B,OpenCL,"cpu=max,gpu=max,ddr=max",1536,epic,0.30,1.54762,992.4916969281865
rhino,Rhino Pi X1,MiniCPM5-1B,OpenCL,"cpu=max,gpu=max,ddr=max",1536,epic,0.40,1.973799,778.1947401939103
rhino,Rhino Pi X1,MiniCPM5-1B,OpenCL,"cpu=max,gpu=max,ddr=max",1536,epic,0.50,2.699317,569.0328331203782
rhino,Rhino Pi X1,MiniCPM5-1B,OpenCL,"cpu=max,gpu=max,ddr=max",2048,normal-full-recompute,full,5.079265620383708,403.2078952085372
rhino,Rhino Pi X1,MiniCPM5-1B,OpenCL,"cpu=max,gpu=max,ddr=max",2048,full-reuse,0,0.470757,4350.439823518291
rhino,Rhino Pi X1,MiniCPM5-1B,OpenCL,"cpu=max,gpu=max,ddr=max",2048,cacheblend,0.05,1.029548,1989.22245490254
rhino,Rhino Pi X1,MiniCPM5-1B,OpenCL,"cpu=max,gpu=max,ddr=max",2048,cacheblend,0.10,1.384928,1478.7772360729223
rhino,Rhino Pi X1,MiniCPM5-1B,OpenCL,"cpu=max,gpu=max,ddr=max",2048,cacheblend,0.20,2.076133,986.4493267049847
rhino,Rhino Pi X1,MiniCPM5-1B,OpenCL,"cpu=max,gpu=max,ddr=max",2048,cacheblend,0.30,2.780259,736.6220197470811
rhino,Rhino Pi X1,MiniCPM5-1B,OpenCL,"cpu=max,gpu=max,ddr=max",2048,cacheblend,0.40,3.693698,554.4578901686061
rhino,Rhino Pi X1,MiniCPM5-1B,OpenCL,"cpu=max,gpu=max,ddr=max",2048,cacheblend,0.50,4.25923,480.83808575728483
rhino,Rhino Pi X1,MiniCPM5-1B,OpenCL,"cpu=max,gpu=max,ddr=max",2048,epic,0.05,0.788554,2597.1588502499512
rhino,Rhino Pi X1,MiniCPM5-1B,OpenCL,"cpu=max,gpu=max,ddr=max",2048,epic,0.10,1.069491,1914.9296254012422
rhino,Rhino Pi X1,MiniCPM5-1B,OpenCL,"cpu=max,gpu=max,ddr=max",2048,epic,0.20,1.614445,1268.5473955445989
rhino,Rhino Pi X1,MiniCPM5-1B,OpenCL,"cpu=max,gpu=max,ddr=max",2048,epic,0.30,2.135657,958.9554877023791
rhino,Rhino Pi X1,MiniCPM5-1B,OpenCL,"cpu=max,gpu=max,ddr=max",2048,epic,0.40,3.05614,670.1263685564143
rhino,Rhino Pi X1,MiniCPM5-1B,OpenCL,"cpu=max,gpu=max,ddr=max",2048,epic,0.50,3.764695,544.0015725045455
rhino,Rhino Pi X1,MiniCPM5-1B,OpenCL,"cpu=max,gpu=max,ddr=max",2560,normal-full-recompute,full,6.68789843073131,382.7809328318505
rhino,Rhino Pi X1,MiniCPM5-1B,OpenCL,"cpu=max,gpu=max,ddr=max",2560,full-reuse,0,0.522292,4901.472739387163
rhino,Rhino Pi X1,MiniCPM5-1B,OpenCL,"cpu=max,gpu=max,ddr=max",2560,cacheblend,0.05,1.23441,2073.865247365138
rhino,Rhino Pi X1,MiniCPM5-1B,OpenCL,"cpu=max,gpu=max,ddr=max",2560,cacheblend,0.10,1.707102,1499.6174803848862
rhino,Rhino Pi X1,MiniCPM5-1B,OpenCL,"cpu=max,gpu=max,ddr=max",2560,cacheblend,0.20,2.501852,1023.2419823394829
rhino,Rhino Pi X1,MiniCPM5-1B,OpenCL,"cpu=max,gpu=max,ddr=max",2560,cacheblend,0.30,3.544536,722.2383973529963
rhino,Rhino Pi X1,MiniCPM5-1B,OpenCL,"cpu=max,gpu=max,ddr=max",2560,cacheblend,0.40,4.268309,599.7691357397039
rhino,Rhino Pi X1,MiniCPM5-1B,OpenCL,"cpu=max,gpu=max,ddr=max",2560,cacheblend,0.50,5.049362,506.9947450786851
rhino,Rhino Pi X1,MiniCPM5-1B,OpenCL,"cpu=max,gpu=max,ddr=max",2560,epic,0.05,1.002107,2554.617421093755
rhino,Rhino Pi X1,MiniCPM5-1B,OpenCL,"cpu=max,gpu=max,ddr=max",2560,epic,0.10,1.340911,1909.1498242612672
rhino,Rhino Pi X1,MiniCPM5-1B,OpenCL,"cpu=max,gpu=max,ddr=max",2560,epic,0.20,1.979228,1293.433601383974
rhino,Rhino Pi X1,MiniCPM5-1B,OpenCL,"cpu=max,gpu=max,ddr=max",2560,epic,0.30,2.963322,863.8953174849038
rhino,Rhino Pi X1,MiniCPM5-1B,OpenCL,"cpu=max,gpu=max,ddr=max",2560,epic,0.40,3.895751,657.1261869662615
rhino,Rhino Pi X1,MiniCPM5-1B,OpenCL,"cpu=max,gpu=max,ddr=max",2560,epic,0.50,5.038198,508.1181803494027
rhino,Rhino Pi X1,Llama3.2 3B,OpenCL,"cpu=max,gpu=max,ddr=max",512,normal-full-recompute,full,4.38106414234266,116.86658386293823
rhino,Rhino Pi X1,Llama3.2 3B,OpenCL,"cpu=max,gpu=max,ddr=max",512,full-reuse,0,0.633926,807.6652479942454
rhino,Rhino Pi X1,Llama3.2 3B,OpenCL,"cpu=max,gpu=max,ddr=max",512,cacheblend,0.05,0.862891,593.3542011679343
rhino,Rhino Pi X1,Llama3.2 3B,OpenCL,"cpu=max,gpu=max,ddr=max",512,cacheblend,0.10,1.038672,492.93713511098787
rhino,Rhino Pi X1,Llama3.2 3B,OpenCL,"cpu=max,gpu=max,ddr=max",512,cacheblend,0.20,1.475199,347.07181878512665
rhino,Rhino Pi X1,Llama3.2 3B,OpenCL,"cpu=max,gpu=max,ddr=max",512,cacheblend,0.30,1.895696,270.08549894075844
rhino,Rhino Pi X1,Llama3.2 3B,OpenCL,"cpu=max,gpu=max,ddr=max",512,cacheblend,0.40,2.297266,222.87362456067342
rhino,Rhino Pi X1,Llama3.2 3B,OpenCL,"cpu=max,gpu=max,ddr=max",512,cacheblend,0.50,2.670118,191.7518252002346
rhino,Rhino Pi X1,Llama3.2 3B,OpenCL,"cpu=max,gpu=max,ddr=max",512,epic,0.05,0.819005,625.1488086153321
rhino,Rhino Pi X1,Llama3.2 3B,OpenCL,"cpu=max,gpu=max,ddr=max",512,epic,0.10,0.996402,513.8488280834442
rhino,Rhino Pi X1,Llama3.2 3B,OpenCL,"cpu=max,gpu=max,ddr=max",512,epic,0.20,1.431898,357.56736862541885
rhino,Rhino Pi X1,Llama3.2 3B,OpenCL,"cpu=max,gpu=max,ddr=max",512,epic,0.30,1.797849,284.78476223531567
rhino,Rhino Pi X1,Llama3.2 3B,OpenCL,"cpu=max,gpu=max,ddr=max",512,epic,0.40,2.223314,230.28686006564976
rhino,Rhino Pi X1,Llama3.2 3B,OpenCL,"cpu=max,gpu=max,ddr=max",512,epic,0.50,2.60708,196.38829648495636
rhino,Rhino Pi X1,Llama3.2 3B,OpenCL,"cpu=max,gpu=max,ddr=max",1024,normal-full-recompute,full,8.990343619472043,113.89998462151486
rhino,Rhino Pi X1,Llama3.2 3B,OpenCL,"cpu=max,gpu=max,ddr=max",1024,full-reuse,0,0.725143,1412.1352615966782
rhino,Rhino Pi X1,Llama3.2 3B,OpenCL,"cpu=max,gpu=max,ddr=max",1024,cacheblend,0.05,1.337981,765.3322431334974
rhino,Rhino Pi X1,Llama3.2 3B,OpenCL,"cpu=max,gpu=max,ddr=max",1024,cacheblend,0.10,1.728641,592.3728524314765
rhino,Rhino Pi X1,Llama3.2 3B,OpenCL,"cpu=max,gpu=max,ddr=max",1024,cacheblend,0.20,2.588465,395.60125402506895
rhino,Rhino Pi X1,Llama3.2 3B,OpenCL,"cpu=max,gpu=max,ddr=max",1024,cacheblend,0.30,3.45015,296.79868991203284
rhino,Rhino Pi X1,Llama3.2 3B,OpenCL,"cpu=max,gpu=max,ddr=max",1024,cacheblend,0.40,4.326246,236.69481578255142
rhino,Rhino Pi X1,Llama3.2 3B,OpenCL,"cpu=max,gpu=max,ddr=max",1024,cacheblend,0.50,5.148297,198.90072387043713
rhino,Rhino Pi X1,Llama3.2 3B,OpenCL,"cpu=max,gpu=max,ddr=max",1024,epic,0.05,1.272774,804.5418903905957
rhino,Rhino Pi X1,Llama3.2 3B,OpenCL,"cpu=max,gpu=max,ddr=max",1024,epic,0.10,1.614214,634.3644646868382
rhino,Rhino Pi X1,Llama3.2 3B,OpenCL,"cpu=max,gpu=max,ddr=max",1024,epic,0.20,2.44973,418.00524955811454
rhino,Rhino Pi X1,Llama3.2 3B,OpenCL,"cpu=max,gpu=max,ddr=max",1024,epic,0.30,3.288136,311.4226418858587
rhino,Rhino Pi X1,Llama3.2 3B,OpenCL,"cpu=max,gpu=max,ddr=max",1024,epic,0.40,4.214077,242.99508528202026
rhino,Rhino Pi X1,Llama3.2 3B,OpenCL,"cpu=max,gpu=max,ddr=max",1024,epic,0.50,5.152873,198.72409042489502
rhino,Rhino Pi X1,Llama3.2 3B,OpenCL,"cpu=max,gpu=max,ddr=max",1536,normal-full-recompute,full,13.181994019324238,116.52258359003122
rhino,Rhino Pi X1,Llama3.2 3B,OpenCL,"cpu=max,gpu=max,ddr=max",1536,full-reuse,0,0.818976,1875.5128355409681
rhino,Rhino Pi X1,Llama3.2 3B,OpenCL,"cpu=max,gpu=max,ddr=max",1536,cacheblend,0.05,1.864501,823.8129129456086
rhino,Rhino Pi X1,Llama3.2 3B,OpenCL,"cpu=max,gpu=max,ddr=max",1536,cacheblend,0.10,2.447043,627.6963665942936
rhino,Rhino Pi X1,Llama3.2 3B,OpenCL,"cpu=max,gpu=max,ddr=max",1536,cacheblend,0.20,3.845744,399.40256033682954
rhino,Rhino Pi X1,Llama3.2 3B,OpenCL,"cpu=max,gpu=max,ddr=max",1536,cacheblend,0.30,5.506691,278.9333921224198
rhino,Rhino Pi X1,Llama3.2 3B,OpenCL,"cpu=max,gpu=max,ddr=max",1536,cacheblend,0.40,6.973104,220.27493064781478
rhino,Rhino Pi X1,Llama3.2 3B,OpenCL,"cpu=max,gpu=max,ddr=max",1536,cacheblend,0.50,8.752182,175.4990926834017
rhino,Rhino Pi X1,Llama3.2 3B,OpenCL,"cpu=max,gpu=max,ddr=max",1536,epic,0.05,1.653296,929.0532366859896
rhino,Rhino Pi X1,Llama3.2 3B,OpenCL,"cpu=max,gpu=max,ddr=max",1536,epic,0.10,2.254753,681.2276111840188
rhino,Rhino Pi X1,Llama3.2 3B,OpenCL,"cpu=max,gpu=max,ddr=max",1536,epic,0.20,3.509345,437.6885145233654
rhino,Rhino Pi X1,Llama3.2 3B,OpenCL,"cpu=max,gpu=max,ddr=max",1536,epic,0.30,4.937315,311.10026400989204
rhino,Rhino Pi X1,Llama3.2 3B,OpenCL,"cpu=max,gpu=max,ddr=max",1536,epic,0.40,6.244325,245.98335288441905
rhino,Rhino Pi X1,Llama3.2 3B,OpenCL,"cpu=max,gpu=max,ddr=max",1536,epic,0.50,7.98621,192.33153147738415
rhino,Rhino Pi X1,Llama3.2 3B,OpenCL,"cpu=max,gpu=max,ddr=max",2048,normal-full-recompute,full,18.396979152999723,111.32262438130027
rhino,Rhino Pi X1,Llama3.2 3B,OpenCL,"cpu=max,gpu=max,ddr=max",2048,full-reuse,0,0.928166,2206.501854194185
rhino,Rhino Pi X1,Llama3.2 3B,OpenCL,"cpu=max,gpu=max,ddr=max",2048,cacheblend,0.05,2.56137,799.5721039912235
rhino,Rhino Pi X1,Llama3.2 3B,OpenCL,"cpu=max,gpu=max,ddr=max",2048,cacheblend,0.10,3.321762,616.5402578511043
rhino,Rhino Pi X1,Llama3.2 3B,OpenCL,"cpu=max,gpu=max,ddr=max",2048,cacheblend,0.20,5.196802,394.08851828489907
rhino,Rhino Pi X1,Llama3.2 3B,OpenCL,"cpu=max,gpu=max,ddr=max",2048,cacheblend,0.30,6.636043,308.61765060895476
rhino,Rhino Pi X1,Llama3.2 3B,OpenCL,"cpu=max,gpu=max,ddr=max",2048,cacheblend,0.40,8.839539,231.68629042758903
rhino,Rhino Pi X1,Llama3.2 3B,OpenCL,"cpu=max,gpu=max,ddr=max",2048,cacheblend,0.50,10.404869,196.83092598282593
rhino,Rhino Pi X1,Llama3.2 3B,OpenCL,"cpu=max,gpu=max,ddr=max",2048,epic,0.05,2.131694,960.7382673122878
rhino,Rhino Pi X1,Llama3.2 3B,OpenCL,"cpu=max,gpu=max,ddr=max",2048,epic,0.10,2.984456,686.2222126913581
rhino,Rhino Pi X1,Llama3.2 3B,OpenCL,"cpu=max,gpu=max,ddr=max",2048,epic,0.20,4.701521,435.60371207530505
rhino,Rhino Pi X1,Llama3.2 3B,OpenCL,"cpu=max,gpu=max,ddr=max",2048,epic,0.30,6.050912,338.46137573972317
rhino,Rhino Pi X1,Llama3.2 3B,OpenCL,"cpu=max,gpu=max,ddr=max",2048,epic,0.40,8.479865,241.5132788080942
rhino,Rhino Pi X1,Llama3.2 3B,OpenCL,"cpu=max,gpu=max,ddr=max",2048,epic,0.50,10.405713,196.81496116604407
rhino,Rhino Pi X1,Llama3.2 3B,OpenCL,"cpu=max,gpu=max,ddr=max",2560,normal-full-recompute,full,23.182423179521578,110.42849059288164
rhino,Rhino Pi X1,Llama3.2 3B,OpenCL,"cpu=max,gpu=max,ddr=max",2560,full-reuse,0,1.013803,2525.1454177981323
rhino,Rhino Pi X1,Llama3.2 3B,OpenCL,"cpu=max,gpu=max,ddr=max",2560,cacheblend,0.05,2.89088,885.5435023245517
rhino,Rhino Pi X1,Llama3.2 3B,OpenCL,"cpu=max,gpu=max,ddr=max",2560,cacheblend,0.10,4.128724,620.0462903308625
rhino,Rhino Pi X1,Llama3.2 3B,OpenCL,"cpu=max,gpu=max,ddr=max",2560,cacheblend,0.20,6.637145,385.7080115019334
rhino,Rhino Pi X1,Llama3.2 3B,OpenCL,"cpu=max,gpu=max,ddr=max",2560,cacheblend,0.30,9.494935,269.6174328734215
rhino,Rhino Pi X1,Llama3.2 3B,OpenCL,"cpu=max,gpu=max,ddr=max",2560,cacheblend,0.40,11.180048,228.97933890802616
rhino,Rhino Pi X1,Llama3.2 3B,OpenCL,"cpu=max,gpu=max,ddr=max",2560,cacheblend,0.50,13.3593,191.62680679376913
rhino,Rhino Pi X1,Llama3.2 3B,OpenCL,"cpu=max,gpu=max,ddr=max",2560,epic,0.05,2.592407,987.4992622686175
rhino,Rhino Pi X1,Llama3.2 3B,OpenCL,"cpu=max,gpu=max,ddr=max",2560,epic,0.10,3.645915,702.1557002837422
rhino,Rhino Pi X1,Llama3.2 3B,OpenCL,"cpu=max,gpu=max,ddr=max",2560,epic,0.20,5.825093,439.4779619827529
rhino,Rhino Pi X1,Llama3.2 3B,OpenCL,"cpu=max,gpu=max,ddr=max",2560,epic,0.30,8.544156,299.6199975749507
rhino,Rhino Pi X1,Llama3.2 3B,OpenCL,"cpu=max,gpu=max,ddr=max",2560,epic,0.40,10.609695,241.28874581220288
rhino,Rhino Pi X1,Llama3.2 3B,OpenCL,"cpu=max,gpu=max,ddr=max",2560,epic,0.50,13.36293,191.57475194437149
rhino,Rhino Pi X1,Qwen3-4B,OpenCL,"cpu=max,gpu=max,ddr=max",512,normal-full-recompute,full,5.322436495453034,96.19654465345006
rhino,Rhino Pi X1,Qwen3-4B,OpenCL,"cpu=max,gpu=max,ddr=max",512,full-reuse,0,0.847626,604.0399893349189
rhino,Rhino Pi X1,Qwen3-4B,OpenCL,"cpu=max,gpu=max,ddr=max",512,cacheblend,0.05,1.138201,449.83267454518136
rhino,Rhino Pi X1,Qwen3-4B,OpenCL,"cpu=max,gpu=max,ddr=max",512,cacheblend,0.10,1.327447,385.70278135398246
rhino,Rhino Pi X1,Qwen3-4B,OpenCL,"cpu=max,gpu=max,ddr=max",512,cacheblend,0.20,1.878865,272.5049431438661
rhino,Rhino Pi X1,Qwen3-4B,OpenCL,"cpu=max,gpu=max,ddr=max",512,cacheblend,0.30,2.423126,211.29730769262517
rhino,Rhino Pi X1,Qwen3-4B,OpenCL,"cpu=max,gpu=max,ddr=max",512,cacheblend,0.40,2.964006,172.7391914861171
rhino,Rhino Pi X1,Qwen3-4B,OpenCL,"cpu=max,gpu=max,ddr=max",512,cacheblend,0.50,3.486091,146.86937317471057
rhino,Rhino Pi X1,Qwen3-4B,OpenCL,"cpu=max,gpu=max,ddr=max",512,epic,0.05,1.053175,486.1490255655518
rhino,Rhino Pi X1,Qwen3-4B,OpenCL,"cpu=max,gpu=max,ddr=max",512,epic,0.10,1.283579,398.8846810363834
rhino,Rhino Pi X1,Qwen3-4B,OpenCL,"cpu=max,gpu=max,ddr=max",512,epic,0.20,1.803129,283.950843228632
rhino,Rhino Pi X1,Qwen3-4B,OpenCL,"cpu=max,gpu=max,ddr=max",512,epic,0.30,2.322023,220.49738525415123
rhino,Rhino Pi X1,Qwen3-4B,OpenCL,"cpu=max,gpu=max,ddr=max",512,epic,0.40,2.912851,175.77280815256256
rhino,Rhino Pi X1,Qwen3-4B,OpenCL,"cpu=max,gpu=max,ddr=max",512,epic,0.50,3.420907,149.6679097093256
rhino,Rhino Pi X1,Qwen3-4B,OpenCL,"cpu=max,gpu=max,ddr=max",1024,normal-full-recompute,full,11.839297656289464,86.49161713203604
rhino,Rhino Pi X1,Qwen3-4B,OpenCL,"cpu=max,gpu=max,ddr=max",1024,full-reuse,0,1.037391,987.0916558944507
rhino,Rhino Pi X1,Qwen3-4B,OpenCL,"cpu=max,gpu=max,ddr=max",1024,cacheblend,0.05,1.851907,552.9435333415771
rhino,Rhino Pi X1,Qwen3-4B,OpenCL,"cpu=max,gpu=max,ddr=max",1024,cacheblend,0.10,2.306368,443.98812331770125
rhino,Rhino Pi X1,Qwen3-4B,OpenCL,"cpu=max,gpu=max,ddr=max",1024,cacheblend,0.20,3.439985,297.67571660922937
rhino,Rhino Pi X1,Qwen3-4B,OpenCL,"cpu=max,gpu=max,ddr=max",1024,cacheblend,0.30,4.664982,219.50781374933493
rhino,Rhino Pi X1,Qwen3-4B,OpenCL,"cpu=max,gpu=max,ddr=max",1024,cacheblend,0.40,5.781901,177.10438141365614
rhino,Rhino Pi X1,Qwen3-4B,OpenCL,"cpu=max,gpu=max,ddr=max",1024,cacheblend,0.50,7.023748,145.79110753973518
rhino,Rhino Pi X1,Qwen3-4B,OpenCL,"cpu=max,gpu=max,ddr=max",1024,epic,0.05,1.65103,620.2188936603211
rhino,Rhino Pi X1,Qwen3-4B,OpenCL,"cpu=max,gpu=max,ddr=max",1024,epic,0.10,2.092433,489.38245573454435
rhino,Rhino Pi X1,Qwen3-4B,OpenCL,"cpu=max,gpu=max,ddr=max",1024,epic,0.20,3.160082,324.0422242207639
rhino,Rhino Pi X1,Qwen3-4B,OpenCL,"cpu=max,gpu=max,ddr=max",1024,epic,0.30,4.346879,235.5713144994374
rhino,Rhino Pi X1,Qwen3-4B,OpenCL,"cpu=max,gpu=max,ddr=max",1024,epic,0.40,5.591787,183.12571634076906
rhino,Rhino Pi X1,Qwen3-4B,OpenCL,"cpu=max,gpu=max,ddr=max",1024,epic,0.50,6.941763,147.5129588837879
rhino,Rhino Pi X1,Qwen3-4B,OpenCL,"cpu=max,gpu=max,ddr=max",1536,normal-full-recompute,full,17.457782731769772,87.98368175385632
rhino,Rhino Pi X1,Qwen3-4B,OpenCL,"cpu=max,gpu=max,ddr=max",1536,full-reuse,0,1.222101,1256.8519295868343
rhino,Rhino Pi X1,Qwen3-4B,OpenCL,"cpu=max,gpu=max,ddr=max",1536,cacheblend,0.05,2.454186,625.8694328791705
rhino,Rhino Pi X1,Qwen3-4B,OpenCL,"cpu=max,gpu=max,ddr=max",1536,cacheblend,0.10,3.309876,464.0657233080635
rhino,Rhino Pi X1,Qwen3-4B,OpenCL,"cpu=max,gpu=max,ddr=max",1536,cacheblend,0.20,5.071517,302.86795844320346
rhino,Rhino Pi X1,Qwen3-4B,OpenCL,"cpu=max,gpu=max,ddr=max",1536,cacheblend,0.30,7.164216,214.3988958456864
rhino,Rhino Pi X1,Qwen3-4B,OpenCL,"cpu=max,gpu=max,ddr=max",1536,cacheblend,0.40,8.868089,173.20529823279853
rhino,Rhino Pi X1,Qwen3-4B,OpenCL,"cpu=max,gpu=max,ddr=max",1536,cacheblend,0.50,10.985019,139.8267950196536
rhino,Rhino Pi X1,Qwen3-4B,OpenCL,"cpu=max,gpu=max,ddr=max",1536,epic,0.05,2.125652,722.6018181715539
rhino,Rhino Pi X1,Qwen3-4B,OpenCL,"cpu=max,gpu=max,ddr=max",1536,epic,0.10,2.892238,531.0766264740315
rhino,Rhino Pi X1,Qwen3-4B,OpenCL,"cpu=max,gpu=max,ddr=max",1536,epic,0.20,4.537013,338.5487323928761
rhino,Rhino Pi X1,Qwen3-4B,OpenCL,"cpu=max,gpu=max,ddr=max",1536,epic,0.30,6.500291,236.29711346768937
rhino,Rhino Pi X1,Qwen3-4B,OpenCL,"cpu=max,gpu=max,ddr=max",1536,epic,0.40,8.424909,182.316509294047
rhino,Rhino Pi X1,Qwen3-4B,OpenCL,"cpu=max,gpu=max,ddr=max",1536,epic,0.50,10.867711,141.33611024437437
rhino,Rhino Pi X1,Qwen3-4B,OpenCL,"cpu=max,gpu=max,ddr=max",2048,normal-full-recompute,full,24.598017991473892,83.25874063145547
rhino,Rhino Pi X1,Qwen3-4B,OpenCL,"cpu=max,gpu=max,ddr=max",2048,full-reuse,0,1.353144,1513.512235209261
rhino,Rhino Pi X1,Qwen3-4B,OpenCL,"cpu=max,gpu=max,ddr=max",2048,cacheblend,0.05,3.223824,635.2704117842661
rhino,Rhino Pi X1,Qwen3-4B,OpenCL,"cpu=max,gpu=max,ddr=max",2048,cacheblend,0.10,4.56406,448.72328584637364
rhino,Rhino Pi X1,Qwen3-4B,OpenCL,"cpu=max,gpu=max,ddr=max",2048,cacheblend,0.20,7.029801,291.3311486342217
rhino,Rhino Pi X1,Qwen3-4B,OpenCL,"cpu=max,gpu=max,ddr=max",2048,cacheblend,0.30,9.953442,205.75796794716842
rhino,Rhino Pi X1,Qwen3-4B,OpenCL,"cpu=max,gpu=max,ddr=max",2048,cacheblend,0.40,12.333862,166.04693647456085
rhino,Rhino Pi X1,Qwen3-4B,OpenCL,"cpu=max,gpu=max,ddr=max",2048,cacheblend,0.50,15.498709,132.14003824447573
rhino,Rhino Pi X1,Qwen3-4B,OpenCL,"cpu=max,gpu=max,ddr=max",2048,epic,0.05,2.824487,725.0874229550358
rhino,Rhino Pi X1,Qwen3-4B,OpenCL,"cpu=max,gpu=max,ddr=max",2048,epic,0.10,3.950168,518.4589617454245
rhino,Rhino Pi X1,Qwen3-4B,OpenCL,"cpu=max,gpu=max,ddr=max",2048,epic,0.20,6.237699,328.3261984908217
rhino,Rhino Pi X1,Qwen3-4B,OpenCL,"cpu=max,gpu=max,ddr=max",2048,epic,0.30,8.912964,229.7776587002932
rhino,Rhino Pi X1,Qwen3-4B,OpenCL,"cpu=max,gpu=max,ddr=max",2048,epic,0.40,11.682393,175.30654892366658
rhino,Rhino Pi X1,Qwen3-4B,OpenCL,"cpu=max,gpu=max,ddr=max",2048,epic,0.50,15.543957,131.75538249365974
